Loading configuration
Configuration loaded
Preparing artifacts for serve
Artifacts prepared
Artifacts ready for serve
2026/07/30 15:15:06 WARN skipping deferred app workflow declaration reconcile: no default workflow provider configured
2026-07-30 15:15:06.725 [I] [server/service.go:202] tcpmux httpconnect multiplexer listen on 127.0.0.1:56296, passthrough: false
2026-07-30 15:15:06.725 [I] [server/service.go:252] frps tcp listen on 127.0.0.1:56295
local provider ready: http://localhost:8401
{"time":"2026-07-30T15:15:07.248646-04:00","level":"WARN","msg":"reverse publication failed, retrying","remote":"default","error":"list remotes from default: access denied","backoff":2000000000}
{"time":"2026-07-30T15:15:09.45366-04:00","level":"WARN","msg":"reverse publication failed, retrying","remote":"default","error":"list remotes from default: access denied","backoff":4000000000}
{"time":"2026-07-30T15:15:13.692474-04:00","level":"WARN","msg":"reverse publication failed, retrying","remote":"default","error":"list remotes from default: access denied","backoff":8000000000}
{"time":"2026-07-30T15:15:21.805815-04:00","level":"WARN","msg":"reverse publication failed, retrying","remote":"default","error":"list remotes from default: access denied","backoff":16000000000}
{"time":"2026-07-30T15:15:38.01564-04:00","level":"WARN","msg":"reverse publication failed, retrying","remote":"default","error":"list remotes from default: access denied","backoff":32000000000}
{"time":"2026-07-30T15:16:10.137161-04:00","level":"WARN","msg":"reverse publication failed, retrying","remote":"default","error":"list remotes from default: access denied","backoff":60000000000}
{"time":"2026-07-30T15:16:36.889184-04:00","level":"INFO","msg":"WARN dev app frontend readiness timeout; continuing probe app=home"}
{"time":"2026-07-30T15:17:10.351036-04:00","level":"WARN","msg":"reverse publication failed, retrying","remote":"default","error":"list remotes from default: access denied","backoff":60000000000}
{"time":"2026-07-30T15:18:10.482599-04:00","level":"WARN","msg":"reverse publication failed, retrying","remote":"default","error":"list remotes from default: access denied","backoff":60000000000}
{"time":"2026-07-30T15:19:10.696026-04:00","level":"WARN","msg":"reverse publication failed, retrying","remote":"default","error":"list remotes from default: access denied","backoff":60000000000}
{"time":"2026-07-30T15:20:10.947119-04:00","level":"WARN","msg":"reverse publication failed, retrying","remote":"default","error":"list remotes from default: access denied","backoff":60000000000}
{"time":"2026-07-30T15:21:11.069312-04:00","level":"WARN","msg":"reverse publication failed, retrying","remote":"default","error":"list remotes from default: access denied","backoff":60000000000}
{"time":"2026-07-30T15:22:11.286672-04:00","level":"WARN","msg":"reverse publication failed, retrying","remote":"default","error":"list remotes from default: access denied","backoff":60000000000}
{"time":"2026-07-30T15:23:11.532829-04:00","level":"WARN","msg":"reverse publication failed, retrying","remote":"default","error":"list remotes from default: access denied","backoff":60000000000}
{"time":"2026-07-30T15:23:42.627877-04:00","level":"INFO","msg":"audit","log.type":"audit","event_time":"2026-07-30T15:23:42.62786-04:00","request_id":"6dc98a14-f7af-48f7-b1fd-56987b7d6902","source":"http","provider":"google","operation":"auth.login.start","depth":0,"allowed":true,"client_ip":"127.0.0.1","remote_addr":"127.0.0.1","user_agent":"Mozilla/5.0 (Macintosh; Intel Mac OS X 10_15_7) AppleWebKit/537.36 (KHTML, like Gecko) Chrome/150.0.0.0 Safari/537.36"}
{"time":"2026-07-30T15:24:11.744093-04:00","level":"WARN","msg":"reverse publication failed, retrying","remote":"default","error":"list remotes from default: access denied","backoff":60000000000}
{"time":"2026-07-30T15:24:20.026834-04:00","level":"INFO","msg":"audit","log.type":"audit","event_time":"2026-07-30T15:24:20.026828-04:00","request_id":"0ddacc7f-6173-474d-b44b-55a1b7f81990","source":"http","provider":"google","operation":"auth.login.start","depth":0,"allowed":true,"client_ip":"127.0.0.1","remote_addr":"127.0.0.1","user_agent":"curl/8.7.1"}
{"time":"2026-07-30T15:24:20.055267-04:00","level":"WARN","msg":"audit","log.type":"audit","event_time":"2026-07-30T15:24:20.055261-04:00","request_id":"6133ab59-c016-42ef-adf2-c4ecd37b7a07","source":"http","provider":"google","operation":"auth.authenticate","depth":0,"allowed":false,"error":"missing authorization","client_ip":"127.0.0.1","remote_addr":"127.0.0.1","user_agent":"curl/8.7.1"}
{"time":"2026-07-30T15:24:27.970299-04:00","level":"INFO","msg":"audit","log.type":"audit","event_time":"2026-07-30T15:24:27.970295-04:00","request_id":"0cab1738-2d54-473f-9211-b01441e4bc2c","source":"http","provider":"google","operation":"auth.login.start","depth":0,"allowed":true,"client_ip":"127.0.0.1","remote_addr":"127.0.0.1","user_agent":"curl/8.7.1"}
{"time":"2026-07-30T15:25:11.885555-04:00","level":"WARN","msg":"reverse publication failed, retrying","remote":"default","error":"list remotes from default: access denied","backoff":60000000000}
{"time":"2026-07-30T15:26:12.092486-04:00","level":"WARN","msg":"reverse publication failed, retrying","remote":"default","error":"list remotes from default: access denied","backoff":60000000000}
{"time":"2026-07-30T15:27:12.262591-04:00","level":"WARN","msg":"reverse publication failed, retrying","remote":"default","error":"list remotes from default: access denied","backoff":60000000000}
{"time":"2026-07-30T15:28:12.545012-04:00","level":"WARN","msg":"reverse publication failed, retrying","remote":"default","error":"list remotes from default: access denied","backoff":60000000000}
{"time":"2026-07-30T15:28:48.283972-04:00","level":"INFO","msg":"audit","log.type":"audit","event_time":"2026-07-30T15:28:48.283962-04:00","request_id":"be8b3591-4001-4551-bae9-ea219dacf417","source":"http","provider":"google","operation":"auth.login.start","depth":0,"allowed":true,"client_ip":"127.0.0.1","remote_addr":"127.0.0.1","user_agent":"curl/8.7.1"}
{"time":"2026-07-30T15:28:48.300739-04:00","level":"WARN","msg":"audit","log.type":"audit","event_time":"2026-07-30T15:28:48.300732-04:00","request_id":"f0174046-72c6-47b6-8ffd-fe9fa3703b3c","source":"http","provider":"","operation":"auth.authenticate","depth":0,"allowed":false,"error":"missing authorization","client_ip":"127.0.0.1","remote_addr":"127.0.0.1","user_agent":"curl/8.7.1"}
{"time":"2026-07-30T15:29:12.778535-04:00","level":"WARN","msg":"reverse publication failed, retrying","remote":"default","error":"list remotes from default: access denied","backoff":60000000000}
{"time":"2026-07-30T15:30:12.92156-04:00","level":"WARN","msg":"reverse publication failed, retrying","remote":"default","error":"list remotes from default: access denied","backoff":60000000000}
{"time":"2026-07-30T15:31:13.083988-04:00","level":"WARN","msg":"reverse publication failed, retrying","remote":"default","error":"list remotes from default: access denied","backoff":60000000000}
{"time":"2026-07-30T15:32:13.238163-04:00","level":"WARN","msg":"reverse publication failed, retrying","remote":"default","error":"list remotes from default: access denied","backoff":60000000000}
{"time":"2026-07-30T15:33:13.47811-04:00","level":"WARN","msg":"reverse publication failed, retrying","remote":"default","error":"list remotes from default: access denied","backoff":60000000000}
{"time":"2026-07-30T15:34:13.683131-04:00","level":"WARN","msg":"reverse publication failed, retrying","remote":"default","error":"list remotes from default: access denied","backoff":60000000000}
{"time":"2026-07-30T15:35:13.958668-04:00","level":"WARN","msg":"reverse publication failed, retrying","remote":"default","error":"list remotes from default: access denied","backoff":60000000000}
{"time":"2026-07-30T15:36:14.173625-04:00","level":"WARN","msg":"reverse publication failed, retrying","remote":"default","error":"list remotes from default: access denied","backoff":60000000000}
{"time":"2026-07-30T15:37:14.407335-04:00","level":"WARN","msg":"reverse publication failed, retrying","remote":"default","error":"list remotes from default: access denied","backoff":60000000000}
{"time":"2026-07-30T15:38:14.54304-04:00","level":"WARN","msg":"reverse publication failed, retrying","remote":"default","error":"list remotes from default: access denied","backoff":60000000000}
{"time":"2026-07-30T15:39:14.728894-04:00","level":"WARN","msg":"reverse publication failed, retrying","remote":"default","error":"list remotes from default: access denied","backoff":60000000000}
{"time":"2026-07-30T15:40:14.882362-04:00","level":"WARN","msg":"reverse publication failed, retrying","remote":"default","error":"list remotes from default: access denied","backoff":60000000000}
2026-07-30 15:40:57.917 [W] [server/service.go:680] listener for incoming connections from client closed
2026-07-30 15:40:57.917 [W] [server/service.go:680] listener for incoming connections from client closed
2026-07-30 15:40:57.917 [W] [server/service.go:680] listener for incoming connections from client closed
Loading configuration
Configuration loaded
Preparing artifacts for serve
Artifacts prepared
Artifacts ready for serve
2026/07/30 15:41:05 WARN skipping deferred app workflow declaration reconcile: no default workflow provider configured
2026-07-30 15:41:05.672 [I] [server/service.go:202] tcpmux httpconnect multiplexer listen on 127.0.0.1:51241, passthrough: false
2026-07-30 15:41:05.672 [I] [server/service.go:252] frps tcp listen on 127.0.0.1:51240
local provider ready: http://localhost:8401
{"time":"2026-07-30T15:41:06.197426-04:00","level":"WARN","msg":"reverse publication failed, retrying","remote":"default","error":"list remotes from default: access denied","backoff":2000000000}
{"time":"2026-07-30T15:41:08.438755-04:00","level":"WARN","msg":"reverse publication failed, retrying","remote":"default","error":"list remotes from default: access denied","backoff":4000000000}
{"time":"2026-07-30T15:41:12.558736-04:00","level":"WARN","msg":"reverse publication failed, retrying","remote":"default","error":"list remotes from default: access denied","backoff":8000000000}
{"time":"2026-07-30T15:41:14.207434-04:00","level":"WARN","msg":"audit","log.type":"audit","event_time":"2026-07-30T15:41:14.207421-04:00","request_id":"8192cd1e-e916-4db9-be02-98d0aebb47d2","source":"http","provider":"none","operation":"auth.login.start","depth":0,"allowed":false,"error":"auth is disabled","client_ip":"127.0.0.1","remote_addr":"127.0.0.1","user_agent":"curl/8.7.1"}
{"time":"2026-07-30T15:41:20.780563-04:00","level":"WARN","msg":"reverse publication failed, retrying","remote":"default","error":"list remotes from default: access denied","backoff":16000000000}
{"time":"2026-07-30T15:41:36.973069-04:00","level":"WARN","msg":"reverse publication failed, retrying","remote":"default","error":"list remotes from default: access denied","backoff":32000000000}
{"time":"2026-07-30T15:42:09.219027-04:00","level":"WARN","msg":"reverse publication failed, retrying","remote":"default","error":"list remotes from default: access denied","backoff":60000000000}
{"time":"2026-07-30T15:42:35.810609-04:00","level":"INFO","msg":"WARN dev app frontend readiness timeout; continuing probe app=home"}
{"time":"2026-07-30T15:43:09.472281-04:00","level":"WARN","msg":"reverse publication failed, retrying","remote":"default","error":"list remotes from default: access denied","backoff":60000000000}
{"time":"2026-07-30T15:44:09.624161-04:00","level":"WARN","msg":"reverse publication failed, retrying","remote":"default","error":"list remotes from default: access denied","backoff":60000000000}
{"time":"2026-07-30T15:45:09.859206-04:00","level":"WARN","msg":"reverse publication failed, retrying","remote":"default","error":"list remotes from default: access denied","backoff":60000000000}
{"time":"2026-07-30T15:46:10.074184-04:00","level":"WARN","msg":"reverse publication failed, retrying","remote":"default","error":"list remotes from default: access denied","backoff":60000000000}
{"time":"2026-07-30T15:47:10.363485-04:00","level":"WARN","msg":"reverse publication failed, retrying","remote":"default","error":"list remotes from default: access denied","backoff":60000000000}
{"time":"2026-07-30T15:48:10.529782-04:00","level":"WARN","msg":"reverse publication failed, retrying","remote":"default","error":"list remotes from default: access denied","backoff":60000000000}
{"time":"2026-07-30T15:49:10.848666-04:00","level":"WARN","msg":"reverse publication failed, retrying","remote":"default","error":"list remotes from default: access denied","backoff":60000000000}
{"time":"2026-07-30T15:50:11.176206-04:00","level":"WARN","msg":"reverse publication failed, retrying","remote":"default","error":"list remotes from default: access denied","backoff":60000000000}
{"time":"2026-07-30T15:51:11.287998-04:00","level":"WARN","msg":"reverse publication failed, retrying","remote":"default","error":"list remotes from default: invalid bearer token","backoff":60000000000}
{"time":"2026-07-30T15:52:11.327786-04:00","level":"WARN","msg":"reverse publication failed, retrying","remote":"default","error":"list remotes from default: invalid bearer token","backoff":60000000000}
{"time":"2026-07-30T15:53:11.363515-04:00","level":"WARN","msg":"reverse publication failed, retrying","remote":"default","error":"list remotes from default: invalid bearer token","backoff":60000000000}
{"time":"2026-07-30T15:54:11.434635-04:00","level":"WARN","msg":"reverse publication failed, retrying","remote":"default","error":"list remotes from default: invalid bearer token","backoff":60000000000}
{"time":"2026-07-30T15:55:11.465126-04:00","level":"WARN","msg":"reverse publication failed, retrying","remote":"default","error":"list remotes from default: invalid bearer token","backoff":60000000000}
{"time":"2026-07-30T15:56:11.50761-04:00","level":"WARN","msg":"reverse publication failed, retrying","remote":"default","error":"list remotes from default: invalid bearer token","backoff":60000000000}
2026-07-30 15:56:44.570 [W] [server/service.go:680] listener for incoming connections from client closed
2026-07-30 15:56:44.571 [W] [server/service.go:680] listener for incoming connections from client closed
2026-07-30 15:56:44.571 [W] [server/service.go:680] listener for incoming connections from client closed
Loading configuration
2026/07/30 15:56:49 WARN provider icon_file not found path=/Users/giovanni/.cursor/worktrees/issue-187-ef124732/gestalt-providers-11c213c792fd/.local/prod-remote/assets/icon.svg error="stat /Users/giovanni/.cursor/worktrees/issue-187-ef124732/gestalt-providers-11c213c792fd/.local/prod-remote/assets/icon.svg: no such file or directory"
Configuration loaded
Preparing artifacts for serve
error: Bun could not find a package.json file to install from
note: Run "bun init" to initialize a project
2026/07/30 15:56:50 ERROR gestaltd exited error="app \"home\": prepare source: run install[0].command: exit status 1"
Loading configuration
Configuration loaded
Preparing artifacts for serve
Artifacts prepared
Artifacts ready for serve
2026/07/30 15:57:57 WARN skipping deferred app workflow declaration reconcile: no default workflow provider configured
2026-07-30 15:57:57.642 [I] [server/service.go:202] tcpmux httpconnect multiplexer listen on 127.0.0.1:64847, passthrough: false
2026-07-30 15:57:57.643 [I] [server/service.go:252] frps tcp listen on 127.0.0.1:64846
local provider ready: http://localhost:8401
{"time":"2026-07-30T15:57:57.998214-04:00","level":"WARN","msg":"reverse publication failed, retrying","remote":"default","error":"list remotes from default: invalid bearer token","backoff":2000000000}
{"time":"2026-07-30T15:58:00.038121-04:00","level":"WARN","msg":"reverse publication failed, retrying","remote":"default","error":"list remotes from default: invalid bearer token","backoff":4000000000}
{"time":"2026-07-30T15:58:04.075358-04:00","level":"WARN","msg":"reverse publication failed, retrying","remote":"default","error":"list remotes from default: invalid bearer token","backoff":8000000000}
{"time":"2026-07-30T15:58:07.833423-04:00","level":"WARN","msg":"audit","log.type":"audit","event_time":"2026-07-30T15:58:07.83341-04:00","request_id":"f4ad9486-748f-478a-8f19-2cfdfc1bd7d5","source":"http","provider":"","operation":"auth.authenticate","depth":0,"allowed":false,"error":"missing authorization","client_ip":"127.0.0.1","remote_addr":"127.0.0.1","user_agent":"curl/8.7.1"}
{"time":"2026-07-30T15:58:07.833476-04:00","level":"WARN","msg":"audit","log.type":"audit","event_time":"2026-07-30T15:58:07.833473-04:00","request_id":"413e5da6-60af-4178-8156-b59ed780784a","source":"http","provider":"","operation":"auth.authenticate","depth":0,"allowed":false,"error":"missing authorization","client_ip":"127.0.0.1","remote_addr":"127.0.0.1","user_agent":"curl/8.7.1"}
{"time":"2026-07-30T15:58:08.120594-04:00","level":"INFO","msg":"audit","log.type":"audit","event_time":"2026-07-30T15:58:08.120588-04:00","request_id":"295b969d-6839-4d2e-8795-25680b0e2424","source":"http","provider":"google","operation":"auth.login.start","depth":0,"allowed":true,"client_ip":"127.0.0.1","remote_addr":"127.0.0.1","user_agent":"curl/8.7.1"}
{"time":"2026-07-30T15:58:12.106319-04:00","level":"WARN","msg":"reverse publication failed, retrying","remote":"default","error":"list remotes from default: invalid bearer token","backoff":16000000000}
{"time":"2026-07-30T15:58:28.140087-04:00","level":"WARN","msg":"reverse publication failed, retrying","remote":"default","error":"list remotes from default: invalid bearer token","backoff":32000000000}
2026-07-30 15:58:42.120 [W] [server/service.go:680] listener for incoming connections from client closed
2026-07-30 15:58:42.120 [W] [server/service.go:680] listener for incoming connections from client closed
2026-07-30 15:58:42.120 [W] [server/service.go:680] listener for incoming connections from client closed
Loading configuration
Configuration loaded
Preparing artifacts for serve
Artifacts prepared
Artifacts ready for serve
2026/07/30 16:00:27 WARN skipping deferred app workflow declaration reconcile: no default workflow provider configured
2026-07-30 16:00:27.066 [I] [server/service.go:202] tcpmux httpconnect multiplexer listen on 127.0.0.1:51996, passthrough: false
2026-07-30 16:00:27.066 [I] [server/service.go:252] frps tcp listen on 127.0.0.1:51995
local provider ready: http://localhost:8401
{"time":"2026-07-30T16:00:27.487947-04:00","level":"WARN","msg":"reverse publication failed, retrying","remote":"default","error":"list remotes from default: invalid bearer token","backoff":2000000000}
{"time":"2026-07-30T16:00:27.807768-04:00","level":"WARN","msg":"audit","log.type":"audit","event_time":"2026-07-30T16:00:27.807752-04:00","request_id":"df93acd4-2ecc-440a-96ee-d7b0f0f156a5","source":"http","provider":"","operation":"auth.authenticate","depth":0,"allowed":false,"error":"missing authorization","client_ip":"127.0.0.1","remote_addr":"127.0.0.1","user_agent":"Python-urllib/3.9"}
2026-07-30 16:00:28.070 [W] [server/service.go:680] listener for incoming connections from client closed
2026-07-30 16:00:28.070 [W] [server/service.go:680] listener for incoming connections from client closed
2026-07-30 16:00:28.070 [W] [server/service.go:680] listener for incoming connections from client closed
Loading configuration
Configuration loaded
Preparing artifacts for serve
Artifacts prepared
Artifacts ready for serve
2026/07/30 16:05:51 WARN skipping deferred app workflow declaration reconcile: no default workflow provider configured
2026-07-30 16:05:51.368 [I] [server/service.go:202] tcpmux httpconnect multiplexer listen on 127.0.0.1:62232, passthrough: false
2026-07-30 16:05:51.368 [I] [server/service.go:252] frps tcp listen on 127.0.0.1:62231
local provider ready: http://localhost:8401
{"time":"2026-07-30T16:05:52.018029-04:00","level":"WARN","msg":"reverse publication failed, retrying","remote":"default","error":"list remotes from default: access denied","backoff":2000000000}
{"time":"2026-07-30T16:05:52.081449-04:00","level":"WARN","msg":"audit","log.type":"audit","event_time":"2026-07-30T16:05:52.081437-04:00","request_id":"18acd2ca-a6ab-4922-a98f-520e05e9e08e","source":"http","provider":"","operation":"auth.authenticate","depth":0,"allowed":false,"error":"missing authorization","client_ip":"127.0.0.1","remote_addr":"127.0.0.1","user_agent":"Python-urllib/3.9"}
2026-07-30 16:05:52.357 [W] [server/service.go:680] listener for incoming connections from client closed
2026-07-30 16:05:52.357 [W] [server/service.go:680] listener for incoming connections from client closed
2026-07-30 16:05:52.357 [W] [server/service.go:680] listener for incoming connections from client closed
Loading configuration
Configuration loaded
Preparing artifacts for serve
Artifacts prepared
Artifacts ready for serve
2026/07/30 16:12:12 WARN skipping deferred app workflow declaration reconcile: no default workflow provider configured
2026-07-30 16:12:12.908 [I] [server/service.go:202] tcpmux httpconnect multiplexer listen on 127.0.0.1:58577, passthrough: false
2026-07-30 16:12:12.908 [I] [server/service.go:252] frps tcp listen on 127.0.0.1:58576
local provider ready: http://localhost:8401
{"time":"2026-07-30T16:12:13.489333-04:00","level":"WARN","msg":"reverse publication failed, retrying","remote":"default","error":"list remotes from default: access denied","backoff":2000000000}
{"time":"2026-07-30T16:12:15.729098-04:00","level":"WARN","msg":"reverse publication failed, retrying","remote":"default","error":"list remotes from default: access denied","backoff":4000000000}
{"time":"2026-07-30T16:12:19.8413-04:00","level":"WARN","msg":"reverse publication failed, retrying","remote":"default","error":"list remotes from default: access denied","backoff":8000000000}
{"time":"2026-07-30T16:12:28.069711-04:00","level":"WARN","msg":"reverse publication failed, retrying","remote":"default","error":"list remotes from default: access denied","backoff":16000000000}
{"time":"2026-07-30T16:12:44.270087-04:00","level":"WARN","msg":"reverse publication failed, retrying","remote":"default","error":"list remotes from default: access denied","backoff":32000000000}
{"time":"2026-07-30T16:13:16.517945-04:00","level":"WARN","msg":"reverse publication failed, retrying","remote":"default","error":"list remotes from default: access denied","backoff":60000000000}
{"time":"2026-07-30T16:13:43.074227-04:00","level":"INFO","msg":"WARN dev app frontend readiness timeout; continuing probe app=home command_1_output_tail=\"\\nstdout:\\nVITE v6.4.3  ready in 226 ms\\n\\n  ➜  Local:   http://127.0.0.1:58581/\""}
{"time":"2026-07-30T16:14:16.723312-04:00","level":"WARN","msg":"reverse publication failed, retrying","remote":"default","error":"list remotes from default: access denied","backoff":60000000000}
{"time":"2026-07-30T16:15:16.936477-04:00","level":"WARN","msg":"reverse publication failed, retrying","remote":"default","error":"list remotes from default: access denied","backoff":60000000000}
2026-07-30 16:15:30.018 [W] [server/service.go:680] listener for incoming connections from client closed
2026-07-30 16:15:30.018 [W] [server/service.go:680] listener for incoming connections from client closed
2026-07-30 16:15:30.018 [W] [server/service.go:680] listener for incoming connections from client closed
Loading configuration
Configuration loaded
Preparing artifacts for serve
Artifacts prepared
Artifacts ready for serve
2026/07/30 16:15:36 WARN skipping deferred app workflow declaration reconcile: no default workflow provider configured
2026-07-30 16:15:36.056 [I] [server/service.go:202] tcpmux httpconnect multiplexer listen on 127.0.0.1:49420, passthrough: false
2026-07-30 16:15:36.056 [I] [server/service.go:252] frps tcp listen on 127.0.0.1:49419
local provider ready: http://localhost:8401
{"time":"2026-07-30T16:15:36.557729-04:00","level":"WARN","msg":"reverse publication failed, retrying","remote":"default","error":"list remotes from default: access denied","backoff":2000000000}
{"time":"2026-07-30T16:15:38.682831-04:00","level":"WARN","msg":"reverse publication failed, retrying","remote":"default","error":"list remotes from default: access denied","backoff":4000000000}
{"time":"2026-07-30T16:15:42.923722-04:00","level":"WARN","msg":"reverse publication failed, retrying","remote":"default","error":"list remotes from default: access denied","backoff":8000000000}
{"time":"2026-07-30T16:15:51.187397-04:00","level":"WARN","msg":"reverse publication failed, retrying","remote":"default","error":"list remotes from default: access denied","backoff":16000000000}
{"time":"2026-07-30T16:16:07.395279-04:00","level":"WARN","msg":"reverse publication failed, retrying","remote":"default","error":"list remotes from default: access denied","backoff":32000000000}
{"time":"2026-07-30T16:16:39.542286-04:00","level":"WARN","msg":"reverse publication failed, retrying","remote":"default","error":"list remotes from default: access denied","backoff":60000000000}
{"time":"2026-07-30T16:17:06.226333-04:00","level":"INFO","msg":"WARN dev app frontend readiness timeout; continuing probe app=home command_1_output_tail=\"\\nstdout:\\nVITE v6.4.3  ready in 257 ms\\n\\n  ➜  Local:   http://127.0.0.1:49423/\""}
{"time":"2026-07-30T16:17:39.783776-04:00","level":"WARN","msg":"reverse publication failed, retrying","remote":"default","error":"list remotes from default: access denied","backoff":60000000000}
{"time":"2026-07-30T16:18:39.997535-04:00","level":"WARN","msg":"reverse publication failed, retrying","remote":"default","error":"list remotes from default: access denied","backoff":60000000000}
{"time":"2026-07-30T16:19:40.113447-04:00","level":"WARN","msg":"reverse publication failed, retrying","remote":"default","error":"list remotes from default: access denied","backoff":60000000000}
{"time":"2026-07-30T16:20:40.294203-04:00","level":"WARN","msg":"reverse publication failed, retrying","remote":"default","error":"list remotes from default: access denied","backoff":60000000000}
{"time":"2026-07-30T16:21:40.566592-04:00","level":"WARN","msg":"reverse publication failed, retrying","remote":"default","error":"list remotes from default: access denied","backoff":60000000000}
{"time":"2026-07-30T16:22:40.735151-04:00","level":"WARN","msg":"reverse publication failed, retrying","remote":"default","error":"list remotes from default: access denied","backoff":60000000000}
{"time":"2026-07-30T16:23:40.95424-04:00","level":"WARN","msg":"reverse publication failed, retrying","remote":"default","error":"list remotes from default: access denied","backoff":60000000000}
{"time":"2026-07-30T16:24:41.077123-04:00","level":"WARN","msg":"reverse publication failed, retrying","remote":"default","error":"list remotes from default: access denied","backoff":60000000000}
{"time":"2026-07-30T16:25:41.277286-04:00","level":"WARN","msg":"reverse publication failed, retrying","remote":"default","error":"list remotes from default: access denied","backoff":60000000000}
{"time":"2026-07-30T16:26:41.575372-04:00","level":"WARN","msg":"reverse publication failed, retrying","remote":"default","error":"list remotes from default: access denied","backoff":60000000000}
{"time":"2026-07-30T16:27:41.783273-04:00","level":"WARN","msg":"reverse publication failed, retrying","remote":"default","error":"list remotes from default: access denied","backoff":60000000000}
{"time":"2026-07-30T16:28:42.002941-04:00","level":"WARN","msg":"reverse publication failed, retrying","remote":"default","error":"list remotes from default: access denied","backoff":60000000000}
{"time":"2026-07-30T16:29:42.169645-04:00","level":"WARN","msg":"reverse publication failed, retrying","remote":"default","error":"list remotes from default: access denied","backoff":60000000000}
{"time":"2026-07-30T16:30:42.44933-04:00","level":"WARN","msg":"reverse publication failed, retrying","remote":"default","error":"list remotes from default: access denied","backoff":60000000000}
{"time":"2026-07-30T16:31:42.575568-04:00","level":"WARN","msg":"reverse publication failed, retrying","remote":"default","error":"list remotes from default: access denied","backoff":60000000000}
{"time":"2026-07-30T16:32:42.777596-04:00","level":"WARN","msg":"reverse publication failed, retrying","remote":"default","error":"list remotes from default: access denied","backoff":60000000000}
{"time":"2026-07-30T16:33:43.046122-04:00","level":"WARN","msg":"reverse publication failed, retrying","remote":"default","error":"list remotes from default: access denied","backoff":60000000000}
{"time":"2026-07-30T16:34:43.172906-04:00","level":"WARN","msg":"reverse publication failed, retrying","remote":"default","error":"list remotes from default: access denied","backoff":60000000000}
{"time":"2026-07-30T16:35:43.304021-04:00","level":"WARN","msg":"reverse publication failed, retrying","remote":"default","error":"list remotes from default: access denied","backoff":60000000000}
{"time":"2026-07-30T16:36:43.527107-04:00","level":"WARN","msg":"reverse publication failed, retrying","remote":"default","error":"list remotes from default: access denied","backoff":60000000000}
{"time":"2026-07-30T16:37:43.66588-04:00","level":"WARN","msg":"reverse publication failed, retrying","remote":"default","error":"list remotes from default: access denied","backoff":60000000000}
{"time":"2026-07-30T16:38:43.804281-04:00","level":"WARN","msg":"reverse publication failed, retrying","remote":"default","error":"list remotes from default: access denied","backoff":60000000000}
{"time":"2026-07-30T16:39:43.924998-04:00","level":"WARN","msg":"reverse publication failed, retrying","remote":"default","error":"list remotes from default: access denied","backoff":60000000000}
{"time":"2026-07-30T16:40:44.07403-04:00","level":"WARN","msg":"reverse publication failed, retrying","remote":"default","error":"list remotes from default: access denied","backoff":60000000000}
{"time":"2026-07-30T16:41:44.207375-04:00","level":"WARN","msg":"reverse publication failed, retrying","remote":"default","error":"list remotes from default: access denied","backoff":60000000000}
{"time":"2026-07-30T16:42:44.338906-04:00","level":"WARN","msg":"reverse publication failed, retrying","remote":"default","error":"list remotes from default: access denied","backoff":60000000000}
{"time":"2026-07-30T16:43:44.561485-04:00","level":"WARN","msg":"reverse publication failed, retrying","remote":"default","error":"list remotes from default: access denied","backoff":60000000000}
{"time":"2026-07-30T16:44:44.795371-04:00","level":"WARN","msg":"reverse publication failed, retrying","remote":"default","error":"list remotes from default: access denied","backoff":60000000000}
{"time":"2026-07-30T16:45:44.923026-04:00","level":"WARN","msg":"reverse publication failed, retrying","remote":"default","error":"list remotes from default: access denied","backoff":60000000000}
{"time":"2026-07-30T16:46:45.135739-04:00","level":"WARN","msg":"reverse publication failed, retrying","remote":"default","error":"list remotes from default: access denied","backoff":60000000000}
{"time":"2026-07-30T16:47:45.319789-04:00","level":"WARN","msg":"reverse publication failed, retrying","remote":"default","error":"list remotes from default: access denied","backoff":60000000000}
{"time":"2026-07-30T16:48:45.457942-04:00","level":"WARN","msg":"reverse publication failed, retrying","remote":"default","error":"list remotes from default: access denied","backoff":60000000000}
{"time":"2026-07-30T16:49:45.585348-04:00","level":"WARN","msg":"reverse publication failed, retrying","remote":"default","error":"list remotes from default: access denied","backoff":60000000000}
{"time":"2026-07-30T16:50:45.724483-04:00","level":"WARN","msg":"reverse publication failed, retrying","remote":"default","error":"list remotes from default: access denied","backoff":60000000000}
{"time":"2026-07-30T16:51:45.924926-04:00","level":"WARN","msg":"reverse publication failed, retrying","remote":"default","error":"list remotes from default: access denied","backoff":60000000000}
{"time":"2026-07-30T16:52:46.094847-04:00","level":"WARN","msg":"reverse publication failed, retrying","remote":"default","error":"list remotes from default: access denied","backoff":60000000000}
{"time":"2026-07-30T16:53:46.219582-04:00","level":"WARN","msg":"reverse publication failed, retrying","remote":"default","error":"list remotes from default: access denied","backoff":60000000000}
{"time":"2026-07-30T16:54:46.464111-04:00","level":"WARN","msg":"reverse publication failed, retrying","remote":"default","error":"list remotes from default: access denied","backoff":60000000000}
{"time":"2026-07-30T16:55:46.649611-04:00","level":"WARN","msg":"reverse publication failed, retrying","remote":"default","error":"list remotes from default: access denied","backoff":60000000000}
{"time":"2026-07-30T16:56:46.791033-04:00","level":"WARN","msg":"reverse publication failed, retrying","remote":"default","error":"list remotes from default: access denied","backoff":60000000000}
{"time":"2026-07-30T16:57:46.955416-04:00","level":"WARN","msg":"reverse publication failed, retrying","remote":"default","error":"list remotes from default: access denied","backoff":60000000000}
{"time":"2026-07-30T16:58:47.138966-04:00","level":"WARN","msg":"reverse publication failed, retrying","remote":"default","error":"list remotes from default: access denied","backoff":60000000000}
{"time":"2026-07-30T16:59:47.269649-04:00","level":"WARN","msg":"reverse publication failed, retrying","remote":"default","error":"list remotes from default: access denied","backoff":60000000000}
{"time":"2026-07-30T17:00:47.509336-04:00","level":"WARN","msg":"reverse publication failed, retrying","remote":"default","error":"list remotes from default: access denied","backoff":60000000000}
{"time":"2026-07-30T17:01:47.651487-04:00","level":"WARN","msg":"reverse publication failed, retrying","remote":"default","error":"list remotes from default: access denied","backoff":60000000000}
{"time":"2026-07-30T17:02:47.880174-04:00","level":"WARN","msg":"reverse publication failed, retrying","remote":"default","error":"list remotes from default: access denied","backoff":60000000000}
{"time":"2026-07-30T17:03:48.167418-04:00","level":"WARN","msg":"reverse publication failed, retrying","remote":"default","error":"list remotes from default: access denied","backoff":60000000000}
{"time":"2026-07-30T17:04:48.309577-04:00","level":"WARN","msg":"reverse publication failed, retrying","remote":"default","error":"list remotes from default: access denied","backoff":60000000000}
{"time":"2026-07-30T17:05:48.451636-04:00","level":"WARN","msg":"reverse publication failed, retrying","remote":"default","error":"list remotes from default: access denied","backoff":60000000000}
{"time":"2026-07-30T17:06:48.681168-04:00","level":"WARN","msg":"reverse publication failed, retrying","remote":"default","error":"list remotes from default: access denied","backoff":60000000000}
{"time":"2026-07-30T17:07:48.954146-04:00","level":"WARN","msg":"reverse publication failed, retrying","remote":"default","error":"list remotes from default: access denied","backoff":60000000000}
{"time":"2026-07-30T17:08:49.118927-04:00","level":"WARN","msg":"reverse publication failed, retrying","remote":"default","error":"list remotes from default: access denied","backoff":60000000000}
{"time":"2026-07-30T17:09:49.25812-04:00","level":"WARN","msg":"reverse publication failed, retrying","remote":"default","error":"list remotes from default: access denied","backoff":60000000000}
{"time":"2026-07-30T17:10:49.466678-04:00","level":"WARN","msg":"reverse publication failed, retrying","remote":"default","error":"list remotes from default: access denied","backoff":60000000000}
{"time":"2026-07-30T17:11:49.641133-04:00","level":"WARN","msg":"reverse publication failed, retrying","remote":"default","error":"list remotes from default: access denied","backoff":60000000000}
{"time":"2026-07-30T17:12:49.801677-04:00","level":"WARN","msg":"reverse publication failed, retrying","remote":"default","error":"list remotes from default: access denied","backoff":60000000000}
{"time":"2026-07-30T17:13:50.031631-04:00","level":"WARN","msg":"reverse publication failed, retrying","remote":"default","error":"list remotes from default: access denied","backoff":60000000000}
{"time":"2026-07-30T17:14:50.239924-04:00","level":"WARN","msg":"reverse publication failed, retrying","remote":"default","error":"list remotes from default: access denied","backoff":60000000000}
{"time":"2026-07-30T17:15:50.400505-04:00","level":"WARN","msg":"reverse publication failed, retrying","remote":"default","error":"list remotes from default: access denied","backoff":60000000000}
{"time":"2026-07-30T17:16:50.674767-04:00","level":"WARN","msg":"reverse publication failed, retrying","remote":"default","error":"list remotes from default: access denied","backoff":60000000000}
{"time":"2026-07-30T17:17:50.900671-04:00","level":"WARN","msg":"reverse publication failed, retrying","remote":"default","error":"list remotes from default: access denied","backoff":60000000000}
{"time":"2026-07-30T17:18:51.093773-04:00","level":"WARN","msg":"reverse publication failed, retrying","remote":"default","error":"list remotes from default: access denied","backoff":60000000000}
{"time":"2026-07-30T17:19:51.284917-04:00","level":"WARN","msg":"reverse publication failed, retrying","remote":"default","error":"list remotes from default: access denied","backoff":60000000000}
{"time":"2026-07-30T17:20:51.422893-04:00","level":"WARN","msg":"reverse publication failed, retrying","remote":"default","error":"list remotes from default: access denied","backoff":60000000000}
{"time":"2026-07-30T17:21:51.636471-04:00","level":"WARN","msg":"reverse publication failed, retrying","remote":"default","error":"list remotes from default: access denied","backoff":60000000000}
{"time":"2026-07-30T17:22:51.780369-04:00","level":"WARN","msg":"reverse publication failed, retrying","remote":"default","error":"list remotes from default: access denied","backoff":60000000000}
{"time":"2026-07-30T17:23:51.915292-04:00","level":"WARN","msg":"reverse publication failed, retrying","remote":"default","error":"list remotes from default: access denied","backoff":60000000000}
{"time":"2026-07-30T17:24:52.071761-04:00","level":"WARN","msg":"reverse publication failed, retrying","remote":"default","error":"list remotes from default: access denied","backoff":60000000000}
{"time":"2026-07-30T17:25:52.198972-04:00","level":"WARN","msg":"reverse publication failed, retrying","remote":"default","error":"list remotes from default: access denied","backoff":60000000000}
{"time":"2026-07-30T17:26:52.417947-04:00","level":"WARN","msg":"reverse publication failed, retrying","remote":"default","error":"list remotes from default: access denied","backoff":60000000000}
{"time":"2026-07-30T17:27:52.665673-04:00","level":"WARN","msg":"reverse publication failed, retrying","remote":"default","error":"list remotes from default: access denied","backoff":60000000000}
{"time":"2026-07-30T17:28:52.884373-04:00","level":"WARN","msg":"reverse publication failed, retrying","remote":"default","error":"list remotes from default: access denied","backoff":60000000000}
{"time":"2026-07-30T17:29:53.016708-04:00","level":"WARN","msg":"reverse publication failed, retrying","remote":"default","error":"list remotes from default: access denied","backoff":60000000000}
{"time":"2026-07-30T17:30:53.146742-04:00","level":"WARN","msg":"reverse publication failed, retrying","remote":"default","error":"list remotes from default: access denied","backoff":60000000000}
{"time":"2026-07-30T17:31:53.37068-04:00","level":"WARN","msg":"reverse publication failed, retrying","remote":"default","error":"list remotes from default: access denied","backoff":60000000000}
{"time":"2026-07-30T17:32:53.624978-04:00","level":"WARN","msg":"reverse publication failed, retrying","remote":"default","error":"list remotes from default: access denied","backoff":60000000000}
{"time":"2026-07-30T17:33:53.876284-04:00","level":"WARN","msg":"reverse publication failed, retrying","remote":"default","error":"list remotes from default: access denied","backoff":60000000000}
{"time":"2026-07-30T17:34:54.102942-04:00","level":"WARN","msg":"reverse publication failed, retrying","remote":"default","error":"list remotes from default: access denied","backoff":60000000000}
{"time":"2026-07-30T17:35:54.27747-04:00","level":"WARN","msg":"reverse publication failed, retrying","remote":"default","error":"list remotes from default: access denied","backoff":60000000000}
{"time":"2026-07-30T17:36:54.517288-04:00","level":"WARN","msg":"reverse publication failed, retrying","remote":"default","error":"list remotes from default: access denied","backoff":60000000000}
{"time":"2026-07-30T17:37:54.701973-04:00","level":"WARN","msg":"reverse publication failed, retrying","remote":"default","error":"list remotes from default: access denied","backoff":60000000000}
{"time":"2026-07-30T17:38:54.928066-04:00","level":"WARN","msg":"reverse publication failed, retrying","remote":"default","error":"list remotes from default: access denied","backoff":60000000000}
{"time":"2026-07-30T17:39:55.1775-04:00","level":"WARN","msg":"reverse publication failed, retrying","remote":"default","error":"list remotes from default: access denied","backoff":60000000000}
{"time":"2026-07-30T17:40:55.386307-04:00","level":"WARN","msg":"reverse publication failed, retrying","remote":"default","error":"list remotes from default: access denied","backoff":60000000000}
{"time":"2026-07-30T17:41:55.611608-04:00","level":"WARN","msg":"reverse publication failed, retrying","remote":"default","error":"list remotes from default: access denied","backoff":60000000000}
{"time":"2026-07-30T17:42:55.768645-04:00","level":"WARN","msg":"reverse publication failed, retrying","remote":"default","error":"list remotes from default: access denied","backoff":60000000000}
{"time":"2026-07-30T17:43:55.977235-04:00","level":"WARN","msg":"reverse publication failed, retrying","remote":"default","error":"list remotes from default: access denied","backoff":60000000000}
{"time":"2026-07-30T17:44:56.192689-04:00","level":"WARN","msg":"reverse publication failed, retrying","remote":"default","error":"list remotes from default: access denied","backoff":60000000000}
{"time":"2026-07-30T17:45:56.385236-04:00","level":"WARN","msg":"reverse publication failed, retrying","remote":"default","error":"list remotes from default: access denied","backoff":60000000000}
{"time":"2026-07-30T17:46:56.637106-04:00","level":"WARN","msg":"reverse publication failed, retrying","remote":"default","error":"list remotes from default: access denied","backoff":60000000000}
{"time":"2026-07-30T17:47:56.846473-04:00","level":"WARN","msg":"reverse publication failed, retrying","remote":"default","error":"list remotes from default: access denied","backoff":60000000000}
{"time":"2026-07-30T17:48:57.05741-04:00","level":"WARN","msg":"reverse publication failed, retrying","remote":"default","error":"list remotes from default: access denied","backoff":60000000000}
{"time":"2026-07-30T17:49:57.295068-04:00","level":"WARN","msg":"reverse publication failed, retrying","remote":"default","error":"list remotes from default: access denied","backoff":60000000000}
{"time":"2026-07-30T17:50:57.517262-04:00","level":"WARN","msg":"reverse publication failed, retrying","remote":"default","error":"list remotes from default: access denied","backoff":60000000000}
{"time":"2026-07-30T17:51:57.768308-04:00","level":"WARN","msg":"reverse publication failed, retrying","remote":"default","error":"list remotes from default: access denied","backoff":60000000000}
{"time":"2026-07-30T17:52:57.975501-04:00","level":"WARN","msg":"reverse publication failed, retrying","remote":"default","error":"list remotes from default: access denied","backoff":60000000000}
{"time":"2026-07-30T17:53:58.224619-04:00","level":"WARN","msg":"reverse publication failed, retrying","remote":"default","error":"list remotes from default: access denied","backoff":60000000000}
{"time":"2026-07-30T17:54:58.385479-04:00","level":"WARN","msg":"reverse publication failed, retrying","remote":"default","error":"list remotes from default: access denied","backoff":60000000000}
{"time":"2026-07-30T17:55:58.59894-04:00","level":"WARN","msg":"reverse publication failed, retrying","remote":"default","error":"list remotes from default: access denied","backoff":60000000000}
{"time":"2026-07-30T17:56:58.881236-04:00","level":"WARN","msg":"reverse publication failed, retrying","remote":"default","error":"list remotes from default: access denied","backoff":60000000000}
{"time":"2026-07-30T17:57:59.078049-04:00","level":"WARN","msg":"reverse publication failed, retrying","remote":"default","error":"list remotes from default: access denied","backoff":60000000000}
{"time":"2026-07-30T17:58:59.311105-04:00","level":"WARN","msg":"reverse publication failed, retrying","remote":"default","error":"list remotes from default: access denied","backoff":60000000000}
{"time":"2026-07-30T17:59:59.518676-04:00","level":"WARN","msg":"reverse publication failed, retrying","remote":"default","error":"list remotes from default: access denied","backoff":60000000000}
{"time":"2026-07-30T18:00:59.717978-04:00","level":"WARN","msg":"reverse publication failed, retrying","remote":"default","error":"list remotes from default: access denied","backoff":60000000000}
{"time":"2026-07-30T18:01:59.966357-04:00","level":"WARN","msg":"reverse publication failed, retrying","remote":"default","error":"list remotes from default: access denied","backoff":60000000000}
{"time":"2026-07-30T18:03:00.266288-04:00","level":"WARN","msg":"reverse publication failed, retrying","remote":"default","error":"list remotes from default: access denied","backoff":60000000000}
{"time":"2026-07-30T18:04:00.477309-04:00","level":"WARN","msg":"reverse publication failed, retrying","remote":"default","error":"list remotes from default: access denied","backoff":60000000000}
{"time":"2026-07-30T18:11:59.346907-04:00","level":"WARN","msg":"reverse publication failed, retrying","remote":"default","error":"list remotes from default: access denied","backoff":60000000000}
{"time":"2026-07-30T18:44:53.056726-04:00","level":"WARN","msg":"reverse publication failed, retrying","remote":"default","error":"list remotes from default: Get \"https://valon.tools/api/v2/remotes\": read tcp 192.168.14.47:60064->34.110.170.67:443: read: can't assign requested address","backoff":60000000000}
{"time":"2026-07-30T18:45:53.691018-04:00","level":"WARN","msg":"reverse publication failed, retrying","remote":"default","error":"list remotes from default: access denied","backoff":60000000000}
{"time":"2026-07-30T18:46:53.953944-04:00","level":"WARN","msg":"reverse publication failed, retrying","remote":"default","error":"list remotes from default: access denied","backoff":60000000000}
{"time":"2026-07-30T18:47:54.27133-04:00","level":"WARN","msg":"reverse publication failed, retrying","remote":"default","error":"list remotes from default: access denied","backoff":60000000000}
{"time":"2026-07-30T18:48:54.489708-04:00","level":"WARN","msg":"reverse publication failed, retrying","remote":"default","error":"list remotes from default: access denied","backoff":60000000000}
{"time":"2026-07-30T18:49:54.723786-04:00","level":"WARN","msg":"reverse publication failed, retrying","remote":"default","error":"list remotes from default: access denied","backoff":60000000000}
{"time":"2026-07-30T18:50:54.940752-04:00","level":"WARN","msg":"reverse publication failed, retrying","remote":"default","error":"list remotes from default: access denied","backoff":60000000000}
{"time":"2026-07-30T18:51:55.160633-04:00","level":"WARN","msg":"reverse publication failed, retrying","remote":"default","error":"list remotes from default: access denied","backoff":60000000000}
{"time":"2026-07-30T18:52:55.350515-04:00","level":"WARN","msg":"reverse publication failed, retrying","remote":"default","error":"list remotes from default: access denied","backoff":60000000000}
{"time":"2026-07-30T18:53:55.561039-04:00","level":"WARN","msg":"reverse publication failed, retrying","remote":"default","error":"list remotes from default: access denied","backoff":60000000000}
{"time":"2026-07-30T18:54:55.854016-04:00","level":"WARN","msg":"reverse publication failed, retrying","remote":"default","error":"list remotes from default: access denied","backoff":60000000000}
{"time":"2026-07-30T18:55:56.174162-04:00","level":"WARN","msg":"reverse publication failed, retrying","remote":"default","error":"list remotes from default: access denied","backoff":60000000000}
{"time":"2026-07-30T18:56:56.441204-04:00","level":"WARN","msg":"reverse publication failed, retrying","remote":"default","error":"list remotes from default: access denied","backoff":60000000000}
{"time":"2026-07-30T18:57:56.654483-04:00","level":"WARN","msg":"reverse publication failed, retrying","remote":"default","error":"list remotes from default: access denied","backoff":60000000000}
{"time":"2026-07-30T18:58:56.948171-04:00","level":"WARN","msg":"reverse publication failed, retrying","remote":"default","error":"list remotes from default: access denied","backoff":60000000000}
{"time":"2026-07-30T18:59:57.318579-04:00","level":"WARN","msg":"reverse publication failed, retrying","remote":"default","error":"list remotes from default: access denied","backoff":60000000000}
{"time":"2026-07-30T19:00:57.533293-04:00","level":"WARN","msg":"reverse publication failed, retrying","remote":"default","error":"list remotes from default: access denied","backoff":60000000000}
{"time":"2026-07-30T19:01:57.898879-04:00","level":"WARN","msg":"reverse publication failed, retrying","remote":"default","error":"list remotes from default: access denied","backoff":60000000000}
{"time":"2026-07-30T19:02:58.128907-04:00","level":"WARN","msg":"reverse publication failed, retrying","remote":"default","error":"list remotes from default: access denied","backoff":60000000000}
{"time":"2026-07-30T19:03:58.429425-04:00","level":"WARN","msg":"reverse publication failed, retrying","remote":"default","error":"list remotes from default: access denied","backoff":60000000000}
{"time":"2026-07-30T19:04:58.837284-04:00","level":"WARN","msg":"reverse publication failed, retrying","remote":"default","error":"list remotes from default: access denied","backoff":60000000000}
{"time":"2026-07-30T19:05:59.095324-04:00","level":"WARN","msg":"reverse publication failed, retrying","remote":"default","error":"list remotes from default: access denied","backoff":60000000000}
{"time":"2026-07-30T19:06:59.337032-04:00","level":"WARN","msg":"reverse publication failed, retrying","remote":"default","error":"list remotes from default: access denied","backoff":60000000000}
{"time":"2026-07-30T19:07:59.543466-04:00","level":"WARN","msg":"reverse publication failed, retrying","remote":"default","error":"list remotes from default: access denied","backoff":60000000000}
{"time":"2026-07-30T19:08:59.779745-04:00","level":"WARN","msg":"reverse publication failed, retrying","remote":"default","error":"list remotes from default: access denied","backoff":60000000000}
{"time":"2026-07-30T19:10:00.088661-04:00","level":"WARN","msg":"reverse publication failed, retrying","remote":"default","error":"list remotes from default: access denied","backoff":60000000000}
{"time":"2026-07-30T19:11:00.407205-04:00","level":"WARN","msg":"reverse publication failed, retrying","remote":"default","error":"list remotes from default: access denied","backoff":60000000000}
{"time":"2026-07-30T19:12:00.612303-04:00","level":"WARN","msg":"reverse publication failed, retrying","remote":"default","error":"list remotes from default: access denied","backoff":60000000000}
{"time":"2026-07-30T19:13:01.234078-04:00","level":"WARN","msg":"reverse publication failed, retrying","remote":"default","error":"list remotes from default: access denied","backoff":60000000000}
{"time":"2026-07-30T19:14:01.445623-04:00","level":"WARN","msg":"reverse publication failed, retrying","remote":"default","error":"list remotes from default: access denied","backoff":60000000000}
{"time":"2026-07-30T19:15:01.752022-04:00","level":"WARN","msg":"reverse publication failed, retrying","remote":"default","error":"list remotes from default: access denied","backoff":60000000000}
{"time":"2026-07-30T19:16:01.956917-04:00","level":"WARN","msg":"reverse publication failed, retrying","remote":"default","error":"list remotes from default: access denied","backoff":60000000000}
{"time":"2026-07-30T19:17:02.202631-04:00","level":"WARN","msg":"reverse publication failed, retrying","remote":"default","error":"list remotes from default: access denied","backoff":60000000000}
{"time":"2026-07-30T19:18:02.431145-04:00","level":"WARN","msg":"reverse publication failed, retrying","remote":"default","error":"list remotes from default: access denied","backoff":60000000000}
{"time":"2026-07-30T19:19:02.610562-04:00","level":"WARN","msg":"reverse publication failed, retrying","remote":"default","error":"list remotes from default: access denied","backoff":60000000000}
{"time":"2026-07-30T19:20:02.918832-04:00","level":"WARN","msg":"reverse publication failed, retrying","remote":"default","error":"list remotes from default: access denied","backoff":60000000000}
{"time":"2026-07-30T19:21:03.167281-04:00","level":"WARN","msg":"reverse publication failed, retrying","remote":"default","error":"list remotes from default: access denied","backoff":60000000000}
{"time":"2026-07-30T19:22:03.376562-04:00","level":"WARN","msg":"reverse publication failed, retrying","remote":"default","error":"list remotes from default: access denied","backoff":60000000000}
{"time":"2026-07-30T19:23:03.671902-04:00","level":"WARN","msg":"reverse publication failed, retrying","remote":"default","error":"list remotes from default: access denied","backoff":60000000000}
{"time":"2026-07-30T19:24:03.858124-04:00","level":"WARN","msg":"reverse publication failed, retrying","remote":"default","error":"list remotes from default: access denied","backoff":60000000000}
{"time":"2026-07-30T19:25:04.036754-04:00","level":"WARN","msg":"reverse publication failed, retrying","remote":"default","error":"list remotes from default: access denied","backoff":60000000000}
{"time":"2026-07-30T19:26:04.218959-04:00","level":"WARN","msg":"reverse publication failed, retrying","remote":"default","error":"list remotes from default: access denied","backoff":60000000000}
{"time":"2026-07-30T19:27:04.449852-04:00","level":"WARN","msg":"reverse publication failed, retrying","remote":"default","error":"list remotes from default: access denied","backoff":60000000000}
{"time":"2026-07-30T19:28:04.578764-04:00","level":"WARN","msg":"reverse publication failed, retrying","remote":"default","error":"list remotes from default: access denied","backoff":60000000000}
{"time":"2026-07-30T19:29:05.001169-04:00","level":"WARN","msg":"reverse publication failed, retrying","remote":"default","error":"list remotes from default: access denied","backoff":60000000000}
{"time":"2026-07-30T19:30:05.269094-04:00","level":"WARN","msg":"reverse publication failed, retrying","remote":"default","error":"list remotes from default: access denied","backoff":60000000000}
{"time":"2026-07-30T19:31:05.446052-04:00","level":"WARN","msg":"reverse publication failed, retrying","remote":"default","error":"list remotes from default: access denied","backoff":60000000000}
{"time":"2026-07-30T19:32:05.683293-04:00","level":"WARN","msg":"reverse publication failed, retrying","remote":"default","error":"list remotes from default: access denied","backoff":60000000000}
{"time":"2026-07-30T19:33:05.895234-04:00","level":"WARN","msg":"reverse publication failed, retrying","remote":"default","error":"list remotes from default: access denied","backoff":60000000000}
{"time":"2026-07-30T19:34:06.128662-04:00","level":"WARN","msg":"reverse publication failed, retrying","remote":"default","error":"list remotes from default: access denied","backoff":60000000000}
{"time":"2026-07-30T19:35:06.315541-04:00","level":"WARN","msg":"reverse publication failed, retrying","remote":"default","error":"list remotes from default: access denied","backoff":60000000000}
{"time":"2026-07-30T19:36:06.653821-04:00","level":"WARN","msg":"reverse publication failed, retrying","remote":"default","error":"list remotes from default: access denied","backoff":60000000000}
{"time":"2026-07-30T19:37:07.010474-04:00","level":"WARN","msg":"reverse publication failed, retrying","remote":"default","error":"list remotes from default: access denied","backoff":60000000000}
{"time":"2026-07-30T19:38:07.161925-04:00","level":"WARN","msg":"reverse publication failed, retrying","remote":"default","error":"list remotes from default: access denied","backoff":60000000000}
{"time":"2026-07-30T19:39:07.425763-04:00","level":"WARN","msg":"reverse publication failed, retrying","remote":"default","error":"list remotes from default: access denied","backoff":60000000000}
{"time":"2026-07-30T19:40:08.233515-04:00","level":"WARN","msg":"reverse publication failed, retrying","remote":"default","error":"list remotes from default: access denied","backoff":60000000000}
{"time":"2026-07-30T19:41:08.380485-04:00","level":"WARN","msg":"reverse publication failed, retrying","remote":"default","error":"list remotes from default: access denied","backoff":60000000000}
{"time":"2026-07-30T19:42:08.570703-04:00","level":"WARN","msg":"reverse publication failed, retrying","remote":"default","error":"list remotes from default: access denied","backoff":60000000000}
{"time":"2026-07-30T19:43:08.857439-04:00","level":"WARN","msg":"reverse publication failed, retrying","remote":"default","error":"list remotes from default: access denied","backoff":60000000000}
{"time":"2026-07-30T19:44:09.141482-04:00","level":"WARN","msg":"reverse publication failed, retrying","remote":"default","error":"list remotes from default: access denied","backoff":60000000000}
{"time":"2026-07-30T19:45:09.330066-04:00","level":"WARN","msg":"reverse publication failed, retrying","remote":"default","error":"list remotes from default: access denied","backoff":60000000000}
{"time":"2026-07-30T19:46:09.52179-04:00","level":"WARN","msg":"reverse publication failed, retrying","remote":"default","error":"list remotes from default: access denied","backoff":60000000000}
{"time":"2026-07-30T19:47:09.954957-04:00","level":"WARN","msg":"reverse publication failed, retrying","remote":"default","error":"list remotes from default: access denied","backoff":60000000000}
{"time":"2026-07-30T19:48:10.377526-04:00","level":"WARN","msg":"reverse publication failed, retrying","remote":"default","error":"list remotes from default: access denied","backoff":60000000000}
{"time":"2026-07-30T19:49:10.571681-04:00","level":"WARN","msg":"reverse publication failed, retrying","remote":"default","error":"list remotes from default: access denied","backoff":60000000000}
{"time":"2026-07-30T19:50:10.798726-04:00","level":"WARN","msg":"reverse publication failed, retrying","remote":"default","error":"list remotes from default: access denied","backoff":60000000000}
{"time":"2026-07-30T19:51:11.03126-04:00","level":"WARN","msg":"reverse publication failed, retrying","remote":"default","error":"list remotes from default: access denied","backoff":60000000000}
{"time":"2026-07-30T19:52:11.229242-04:00","level":"WARN","msg":"reverse publication failed, retrying","remote":"default","error":"list remotes from default: access denied","backoff":60000000000}
{"time":"2026-07-30T19:53:11.377812-04:00","level":"WARN","msg":"reverse publication failed, retrying","remote":"default","error":"list remotes from default: access denied","backoff":60000000000}
{"time":"2026-07-30T19:54:11.581964-04:00","level":"WARN","msg":"reverse publication failed, retrying","remote":"default","error":"list remotes from default: access denied","backoff":60000000000}
{"time":"2026-07-30T19:55:11.755222-04:00","level":"WARN","msg":"reverse publication failed, retrying","remote":"default","error":"list remotes from default: access denied","backoff":60000000000}
{"time":"2026-07-30T19:56:11.968981-04:00","level":"WARN","msg":"reverse publication failed, retrying","remote":"default","error":"list remotes from default: access denied","backoff":60000000000}
{"time":"2026-07-30T19:57:12.147126-04:00","level":"WARN","msg":"reverse publication failed, retrying","remote":"default","error":"list remotes from default: access denied","backoff":60000000000}
{"time":"2026-07-30T19:58:12.264136-04:00","level":"WARN","msg":"reverse publication failed, retrying","remote":"default","error":"list remotes from default: access denied","backoff":60000000000}
{"time":"2026-07-30T19:59:12.444783-04:00","level":"WARN","msg":"reverse publication failed, retrying","remote":"default","error":"list remotes from default: access denied","backoff":60000000000}
{"time":"2026-07-30T20:00:12.781225-04:00","level":"WARN","msg":"reverse publication failed, retrying","remote":"default","error":"list remotes from default: access denied","backoff":60000000000}
{"time":"2026-07-30T20:01:12.930924-04:00","level":"WARN","msg":"reverse publication failed, retrying","remote":"default","error":"list remotes from default: access denied","backoff":60000000000}
{"time":"2026-07-30T20:02:13.251191-04:00","level":"WARN","msg":"reverse publication failed, retrying","remote":"default","error":"list remotes from default: access denied","backoff":60000000000}
{"time":"2026-07-30T20:03:13.472158-04:00","level":"WARN","msg":"reverse publication failed, retrying","remote":"default","error":"list remotes from default: access denied","backoff":60000000000}
{"time":"2026-07-30T20:04:13.720284-04:00","level":"WARN","msg":"reverse publication failed, retrying","remote":"default","error":"list remotes from default: access denied","backoff":60000000000}
{"time":"2026-07-30T20:05:13.93833-04:00","level":"WARN","msg":"reverse publication failed, retrying","remote":"default","error":"list remotes from default: access denied","backoff":60000000000}
{"time":"2026-07-30T20:06:14.242502-04:00","level":"WARN","msg":"reverse publication failed, retrying","remote":"default","error":"list remotes from default: access denied","backoff":60000000000}
{"time":"2026-07-30T20:07:14.512685-04:00","level":"WARN","msg":"reverse publication failed, retrying","remote":"default","error":"list remotes from default: access denied","backoff":60000000000}
{"time":"2026-07-30T20:08:14.772262-04:00","level":"WARN","msg":"reverse publication failed, retrying","remote":"default","error":"list remotes from default: access denied","backoff":60000000000}
{"time":"2026-07-30T20:09:14.944644-04:00","level":"WARN","msg":"reverse publication failed, retrying","remote":"default","error":"list remotes from default: access denied","backoff":60000000000}
{"time":"2026-07-30T20:10:15.229361-04:00","level":"WARN","msg":"reverse publication failed, retrying","remote":"default","error":"list remotes from default: access denied","backoff":60000000000}
{"time":"2026-07-30T20:11:15.437929-04:00","level":"WARN","msg":"reverse publication failed, retrying","remote":"default","error":"list remotes from default: access denied","backoff":60000000000}
{"time":"2026-07-30T20:12:15.655765-04:00","level":"WARN","msg":"reverse publication failed, retrying","remote":"default","error":"list remotes from default: access denied","backoff":60000000000}
{"time":"2026-07-30T20:13:15.850455-04:00","level":"WARN","msg":"reverse publication failed, retrying","remote":"default","error":"list remotes from default: access denied","backoff":60000000000}
{"time":"2026-07-30T20:14:16.218171-04:00","level":"WARN","msg":"reverse publication failed, retrying","remote":"default","error":"list remotes from default: access denied","backoff":60000000000}
{"time":"2026-07-30T20:15:16.439297-04:00","level":"WARN","msg":"reverse publication failed, retrying","remote":"default","error":"list remotes from default: access denied","backoff":60000000000}
{"time":"2026-07-30T20:16:16.783903-04:00","level":"WARN","msg":"reverse publication failed, retrying","remote":"default","error":"list remotes from default: access denied","backoff":60000000000}
{"time":"2026-07-30T20:17:16.988471-04:00","level":"WARN","msg":"reverse publication failed, retrying","remote":"default","error":"list remotes from default: access denied","backoff":60000000000}
{"time":"2026-07-30T20:18:17.199773-04:00","level":"WARN","msg":"reverse publication failed, retrying","remote":"default","error":"list remotes from default: access denied","backoff":60000000000}
{"time":"2026-07-30T20:19:17.453763-04:00","level":"WARN","msg":"reverse publication failed, retrying","remote":"default","error":"list remotes from default: access denied","backoff":60000000000}
{"time":"2026-07-30T20:20:17.660782-04:00","level":"WARN","msg":"reverse publication failed, retrying","remote":"default","error":"list remotes from default: access denied","backoff":60000000000}
{"time":"2026-07-30T20:21:17.857887-04:00","level":"WARN","msg":"reverse publication failed, retrying","remote":"default","error":"list remotes from default: access denied","backoff":60000000000}
{"time":"2026-07-30T20:22:18.488424-04:00","level":"WARN","msg":"reverse publication failed, retrying","remote":"default","error":"list remotes from default: access denied","backoff":60000000000}
{"time":"2026-07-30T20:23:18.805085-04:00","level":"WARN","msg":"reverse publication failed, retrying","remote":"default","error":"list remotes from default: access denied","backoff":60000000000}
{"time":"2026-07-30T20:24:18.997388-04:00","level":"WARN","msg":"reverse publication failed, retrying","remote":"default","error":"list remotes from default: access denied","backoff":60000000000}
{"time":"2026-07-30T20:25:19.244034-04:00","level":"WARN","msg":"reverse publication failed, retrying","remote":"default","error":"list remotes from default: access denied","backoff":60000000000}
{"time":"2026-07-30T20:26:19.518738-04:00","level":"WARN","msg":"reverse publication failed, retrying","remote":"default","error":"list remotes from default: access denied","backoff":60000000000}
{"time":"2026-07-30T20:27:19.752259-04:00","level":"WARN","msg":"reverse publication failed, retrying","remote":"default","error":"list remotes from default: access denied","backoff":60000000000}
{"time":"2026-07-30T20:28:20.060728-04:00","level":"WARN","msg":"reverse publication failed, retrying","remote":"default","error":"list remotes from default: access denied","backoff":60000000000}
{"time":"2026-07-30T20:29:20.273301-04:00","level":"WARN","msg":"reverse publication failed, retrying","remote":"default","error":"list remotes from default: access denied","backoff":60000000000}
{"time":"2026-07-30T20:30:20.510948-04:00","level":"WARN","msg":"reverse publication failed, retrying","remote":"default","error":"list remotes from default: access denied","backoff":60000000000}
{"time":"2026-07-30T20:31:20.721089-04:00","level":"WARN","msg":"reverse publication failed, retrying","remote":"default","error":"list remotes from default: access denied","backoff":60000000000}
{"time":"2026-07-30T20:32:20.945671-04:00","level":"WARN","msg":"reverse publication failed, retrying","remote":"default","error":"list remotes from default: access denied","backoff":60000000000}
{"time":"2026-07-30T20:33:21.142505-04:00","level":"WARN","msg":"reverse publication failed, retrying","remote":"default","error":"list remotes from default: access denied","backoff":60000000000}
{"time":"2026-07-30T20:34:21.33865-04:00","level":"WARN","msg":"reverse publication failed, retrying","remote":"default","error":"list remotes from default: access denied","backoff":60000000000}
{"time":"2026-07-30T20:35:21.579648-04:00","level":"WARN","msg":"reverse publication failed, retrying","remote":"default","error":"list remotes from default: access denied","backoff":60000000000}
{"time":"2026-07-30T20:36:21.707616-04:00","level":"WARN","msg":"reverse publication failed, retrying","remote":"default","error":"list remotes from default: access denied","backoff":60000000000}
{"time":"2026-07-30T20:37:21.912733-04:00","level":"WARN","msg":"reverse publication failed, retrying","remote":"default","error":"list remotes from default: access denied","backoff":60000000000}
{"time":"2026-07-30T20:38:22.18441-04:00","level":"WARN","msg":"reverse publication failed, retrying","remote":"default","error":"list remotes from default: access denied","backoff":60000000000}
{"time":"2026-07-30T20:39:22.322937-04:00","level":"WARN","msg":"reverse publication failed, retrying","remote":"default","error":"list remotes from default: access denied","backoff":60000000000}
{"time":"2026-07-30T20:40:22.45859-04:00","level":"WARN","msg":"reverse publication failed, retrying","remote":"default","error":"list remotes from default: access denied","backoff":60000000000}
{"time":"2026-07-30T20:41:22.642448-04:00","level":"WARN","msg":"reverse publication failed, retrying","remote":"default","error":"list remotes from default: access denied","backoff":60000000000}
{"time":"2026-07-30T20:42:22.818234-04:00","level":"WARN","msg":"reverse publication failed, retrying","remote":"default","error":"list remotes from default: access denied","backoff":60000000000}
{"time":"2026-07-30T20:43:22.997487-04:00","level":"WARN","msg":"reverse publication failed, retrying","remote":"default","error":"list remotes from default: access denied","backoff":60000000000}
{"time":"2026-07-30T20:44:23.145183-04:00","level":"WARN","msg":"reverse publication failed, retrying","remote":"default","error":"list remotes from default: access denied","backoff":60000000000}
{"time":"2026-07-30T20:45:23.357047-04:00","level":"WARN","msg":"reverse publication failed, retrying","remote":"default","error":"list remotes from default: access denied","backoff":60000000000}
{"time":"2026-07-30T20:46:23.52835-04:00","level":"WARN","msg":"reverse publication failed, retrying","remote":"default","error":"list remotes from default: access denied","backoff":60000000000}
{"time":"2026-07-30T20:47:23.814833-04:00","level":"WARN","msg":"reverse publication failed, retrying","remote":"default","error":"list remotes from default: access denied","backoff":60000000000}
{"time":"2026-07-30T20:48:24.310599-04:00","level":"WARN","msg":"reverse publication failed, retrying","remote":"default","error":"list remotes from default: access denied","backoff":60000000000}
{"time":"2026-07-30T20:49:24.543619-04:00","level":"WARN","msg":"reverse publication failed, retrying","remote":"default","error":"list remotes from default: access denied","backoff":60000000000}
{"time":"2026-07-30T20:50:24.829315-04:00","level":"WARN","msg":"reverse publication failed, retrying","remote":"default","error":"list remotes from default: access denied","backoff":60000000000}
{"time":"2026-07-30T20:51:25.004453-04:00","level":"WARN","msg":"reverse publication failed, retrying","remote":"default","error":"list remotes from default: access denied","backoff":60000000000}
{"time":"2026-07-30T20:52:25.200113-04:00","level":"WARN","msg":"reverse publication failed, retrying","remote":"default","error":"list remotes from default: access denied","backoff":60000000000}
{"time":"2026-07-30T20:53:25.399471-04:00","level":"WARN","msg":"reverse publication failed, retrying","remote":"default","error":"list remotes from default: access denied","backoff":60000000000}
{"time":"2026-07-30T20:54:25.577859-04:00","level":"WARN","msg":"reverse publication failed, retrying","remote":"default","error":"list remotes from default: access denied","backoff":60000000000}
{"time":"2026-07-30T20:55:25.789271-04:00","level":"WARN","msg":"reverse publication failed, retrying","remote":"default","error":"list remotes from default: access denied","backoff":60000000000}
{"time":"2026-07-30T20:56:26.00929-04:00","level":"WARN","msg":"reverse publication failed, retrying","remote":"default","error":"list remotes from default: access denied","backoff":60000000000}
{"time":"2026-07-30T20:57:26.21363-04:00","level":"WARN","msg":"reverse publication failed, retrying","remote":"default","error":"list remotes from default: access denied","backoff":60000000000}
{"time":"2026-07-30T20:58:26.548024-04:00","level":"WARN","msg":"reverse publication failed, retrying","remote":"default","error":"list remotes from default: access denied","backoff":60000000000}
{"time":"2026-07-30T20:59:27.032338-04:00","level":"WARN","msg":"reverse publication failed, retrying","remote":"default","error":"list remotes from default: access denied","backoff":60000000000}
{"time":"2026-07-30T21:00:27.281804-04:00","level":"WARN","msg":"reverse publication failed, retrying","remote":"default","error":"list remotes from default: access denied","backoff":60000000000}
{"time":"2026-07-30T21:01:27.458337-04:00","level":"WARN","msg":"reverse publication failed, retrying","remote":"default","error":"list remotes from default: access denied","backoff":60000000000}
{"time":"2026-07-30T21:02:27.635855-04:00","level":"WARN","msg":"reverse publication failed, retrying","remote":"default","error":"list remotes from default: access denied","backoff":60000000000}
{"time":"2026-07-30T21:03:27.858414-04:00","level":"WARN","msg":"reverse publication failed, retrying","remote":"default","error":"list remotes from default: access denied","backoff":60000000000}
{"time":"2026-07-30T21:05:15.489769-04:00","level":"WARN","msg":"reverse publication failed, retrying","remote":"default","error":"list remotes from default: access denied","backoff":60000000000}
{"time":"2026-07-30T21:06:16.092448-04:00","level":"WARN","msg":"reverse publication failed, retrying","remote":"default","error":"list remotes from default: access denied","backoff":60000000000}
{"time":"2026-07-30T21:07:16.38318-04:00","level":"WARN","msg":"reverse publication failed, retrying","remote":"default","error":"list remotes from default: access denied","backoff":60000000000}
{"time":"2026-07-30T21:08:16.814365-04:00","level":"WARN","msg":"reverse publication failed, retrying","remote":"default","error":"list remotes from default: access denied","backoff":60000000000}
{"time":"2026-07-30T21:09:17.063691-04:00","level":"WARN","msg":"reverse publication failed, retrying","remote":"default","error":"list remotes from default: access denied","backoff":60000000000}
{"time":"2026-07-30T21:10:17.252232-04:00","level":"WARN","msg":"reverse publication failed, retrying","remote":"default","error":"list remotes from default: access denied","backoff":60000000000}
{"time":"2026-07-30T21:11:17.527315-04:00","level":"WARN","msg":"reverse publication failed, retrying","remote":"default","error":"list remotes from default: access denied","backoff":60000000000}
{"time":"2026-07-30T21:12:17.750664-04:00","level":"WARN","msg":"reverse publication failed, retrying","remote":"default","error":"list remotes from default: access denied","backoff":60000000000}
{"time":"2026-07-30T21:13:17.937331-04:00","level":"WARN","msg":"reverse publication failed, retrying","remote":"default","error":"list remotes from default: access denied","backoff":60000000000}
{"time":"2026-07-30T21:14:18.265005-04:00","level":"WARN","msg":"reverse publication failed, retrying","remote":"default","error":"list remotes from default: access denied","backoff":60000000000}
{"time":"2026-07-30T21:15:18.525146-04:00","level":"WARN","msg":"reverse publication failed, retrying","remote":"default","error":"list remotes from default: access denied","backoff":60000000000}
{"time":"2026-07-30T21:16:18.761007-04:00","level":"WARN","msg":"reverse publication failed, retrying","remote":"default","error":"list remotes from default: access denied","backoff":60000000000}
{"time":"2026-07-30T21:17:19.001594-04:00","level":"WARN","msg":"reverse publication failed, retrying","remote":"default","error":"list remotes from default: access denied","backoff":60000000000}
{"time":"2026-07-30T21:18:19.507987-04:00","level":"WARN","msg":"reverse publication failed, retrying","remote":"default","error":"list remotes from default: access denied","backoff":60000000000}
{"time":"2026-07-30T21:19:47.374605-04:00","level":"WARN","msg":"reverse publication failed, retrying","remote":"default","error":"list remotes from default: access denied","backoff":60000000000}
{"time":"2026-07-30T21:23:33.635186-04:00","level":"WARN","msg":"reverse publication failed, retrying","remote":"default","error":"list remotes from default: access denied","backoff":60000000000}
{"time":"2026-07-30T21:26:57.382924-04:00","level":"WARN","msg":"reverse publication failed, retrying","remote":"default","error":"list remotes from default: access denied","backoff":60000000000}
{"time":"2026-07-30T21:28:55.901484-04:00","level":"WARN","msg":"reverse publication failed, retrying","remote":"default","error":"list remotes from default: access denied","backoff":60000000000}
{"time":"2026-07-30T21:34:07.550827-04:00","level":"WARN","msg":"reverse publication failed, retrying","remote":"default","error":"list remotes from default: access denied","backoff":60000000000}
{"time":"2026-07-30T21:39:16.604815-04:00","level":"WARN","msg":"reverse publication failed, retrying","remote":"default","error":"list remotes from default: access denied","backoff":60000000000}
{"time":"2026-07-30T21:45:09.255143-04:00","level":"WARN","msg":"reverse publication failed, retrying","remote":"default","error":"list remotes from default: access denied","backoff":60000000000}
{"time":"2026-07-30T21:48:50.173581-04:00","level":"WARN","msg":"reverse publication failed, retrying","remote":"default","error":"list remotes from default: access denied","backoff":60000000000}
{"time":"2026-07-30T21:54:01.809133-04:00","level":"WARN","msg":"reverse publication failed, retrying","remote":"default","error":"list remotes from default: access denied","backoff":60000000000}
{"time":"2026-07-30T21:55:28.274677-04:00","level":"WARN","msg":"reverse publication failed, retrying","remote":"default","error":"list remotes from default: access denied","backoff":60000000000}
{"time":"2026-07-30T21:57:41.799375-04:00","level":"WARN","msg":"reverse publication failed, retrying","remote":"default","error":"list remotes from default: access denied","backoff":60000000000}
{"time":"2026-07-30T21:58:46.124741-04:00","level":"WARN","msg":"reverse publication failed, retrying","remote":"default","error":"list remotes from default: access denied","backoff":60000000000}
{"time":"2026-07-30T21:59:59.555568-04:00","level":"WARN","msg":"reverse publication failed, retrying","remote":"default","error":"list remotes from default: access denied","backoff":60000000000}
{"time":"2026-07-30T22:04:08.505893-04:00","level":"WARN","msg":"reverse publication failed, retrying","remote":"default","error":"list remotes from default: access denied","backoff":60000000000}
{"time":"2026-07-30T22:08:35.386197-04:00","level":"WARN","msg":"reverse publication failed, retrying","remote":"default","error":"list remotes from default: access denied","backoff":60000000000}
{"time":"2026-07-30T22:17:05.169395-04:00","level":"WARN","msg":"reverse publication failed, retrying","remote":"default","error":"list remotes from default: access denied","backoff":60000000000}
{"time":"2026-07-30T22:18:52.589265-04:00","level":"WARN","msg":"reverse publication failed, retrying","remote":"default","error":"list remotes from default: access denied","backoff":60000000000}
{"time":"2026-07-30T22:24:03.520024-04:00","level":"WARN","msg":"reverse publication failed, retrying","remote":"default","error":"list remotes from default: access denied","backoff":60000000000}
{"time":"2026-07-30T22:25:07.953644-04:00","level":"WARN","msg":"reverse publication failed, retrying","remote":"default","error":"list remotes from default: access denied","backoff":60000000000}
{"time":"2026-07-30T22:30:08.52618-04:00","level":"WARN","msg":"reverse publication failed, retrying","remote":"default","error":"list remotes from default: access denied","backoff":60000000000}
{"time":"2026-07-30T22:31:08.825346-04:00","level":"WARN","msg":"reverse publication failed, retrying","remote":"default","error":"list remotes from default: access denied","backoff":60000000000}
{"time":"2026-07-30T22:38:40.52899-04:00","level":"WARN","msg":"reverse publication failed, retrying","remote":"default","error":"list remotes from default: access denied","backoff":60000000000}
{"time":"2026-07-30T22:40:07.069796-04:00","level":"WARN","msg":"reverse publication failed, retrying","remote":"default","error":"list remotes from default: access denied","backoff":60000000000}
{"time":"2026-07-30T22:43:47.477533-04:00","level":"WARN","msg":"reverse publication failed, retrying","remote":"default","error":"list remotes from default: access denied","backoff":60000000000}
{"time":"2026-07-30T22:48:59.300901-04:00","level":"WARN","msg":"reverse publication failed, retrying","remote":"default","error":"list remotes from default: access denied","backoff":60000000000}
{"time":"2026-07-30T22:54:09.814099-04:00","level":"WARN","msg":"reverse publication failed, retrying","remote":"default","error":"list remotes from default: access denied","backoff":60000000000}
{"time":"2026-07-30T22:56:56.237865-04:00","level":"WARN","msg":"reverse publication failed, retrying","remote":"default","error":"list remotes from default: access denied","backoff":60000000000}
{"time":"2026-07-30T23:00:29.250437-04:00","level":"WARN","msg":"reverse publication failed, retrying","remote":"default","error":"list remotes from default: access denied","backoff":60000000000}
{"time":"2026-07-30T23:01:35.608025-04:00","level":"WARN","msg":"reverse publication failed, retrying","remote":"default","error":"list remotes from default: access denied","backoff":60000000000}
{"time":"2026-07-30T23:02:35.828263-04:00","level":"WARN","msg":"reverse publication failed, retrying","remote":"default","error":"list remotes from default: access denied","backoff":60000000000}
{"time":"2026-07-30T23:03:43.323545-04:00","level":"WARN","msg":"reverse publication failed, retrying","remote":"default","error":"list remotes from default: access denied","backoff":60000000000}
{"time":"2026-07-30T23:06:31.6589-04:00","level":"WARN","msg":"reverse publication failed, retrying","remote":"default","error":"list remotes from default: access denied","backoff":60000000000}
{"time":"2026-07-30T23:09:05.605653-04:00","level":"WARN","msg":"reverse publication failed, retrying","remote":"default","error":"list remotes from default: access denied","backoff":60000000000}
{"time":"2026-07-30T23:10:05.802421-04:00","level":"WARN","msg":"reverse publication failed, retrying","remote":"default","error":"list remotes from default: access denied","backoff":60000000000}
{"time":"2026-07-30T23:11:06.043396-04:00","level":"WARN","msg":"reverse publication failed, retrying","remote":"default","error":"list remotes from default: access denied","backoff":60000000000}
{"time":"2026-07-30T23:12:06.23569-04:00","level":"WARN","msg":"reverse publication failed, retrying","remote":"default","error":"list remotes from default: access denied","backoff":60000000000}
{"time":"2026-07-30T23:13:07.299721-04:00","level":"WARN","msg":"reverse publication failed, retrying","remote":"default","error":"list remotes from default: access denied","backoff":60000000000}
{"time":"2026-07-30T23:14:07.565096-04:00","level":"WARN","msg":"reverse publication failed, retrying","remote":"default","error":"list remotes from default: access denied","backoff":60000000000}
{"time":"2026-07-30T23:15:07.886225-04:00","level":"WARN","msg":"reverse publication failed, retrying","remote":"default","error":"list remotes from default: access denied","backoff":60000000000}
{"time":"2026-07-30T23:16:08.155477-04:00","level":"WARN","msg":"reverse publication failed, retrying","remote":"default","error":"list remotes from default: access denied","backoff":60000000000}
{"time":"2026-07-30T23:17:08.389244-04:00","level":"WARN","msg":"reverse publication failed, retrying","remote":"default","error":"list remotes from default: access denied","backoff":60000000000}
{"time":"2026-07-30T23:18:08.612264-04:00","level":"WARN","msg":"reverse publication failed, retrying","remote":"default","error":"list remotes from default: access denied","backoff":60000000000}
{"time":"2026-07-30T23:19:08.791667-04:00","level":"WARN","msg":"reverse publication failed, retrying","remote":"default","error":"list remotes from default: access denied","backoff":60000000000}
{"time":"2026-07-30T23:20:08.934724-04:00","level":"WARN","msg":"reverse publication failed, retrying","remote":"default","error":"list remotes from default: access denied","backoff":60000000000}
{"time":"2026-07-30T23:21:09.133546-04:00","level":"WARN","msg":"reverse publication failed, retrying","remote":"default","error":"list remotes from default: access denied","backoff":60000000000}
{"time":"2026-07-30T23:22:09.334679-04:00","level":"WARN","msg":"reverse publication failed, retrying","remote":"default","error":"list remotes from default: access denied","backoff":60000000000}
{"time":"2026-07-30T23:23:09.688064-04:00","level":"WARN","msg":"reverse publication failed, retrying","remote":"default","error":"list remotes from default: access denied","backoff":60000000000}
{"time":"2026-07-30T23:24:09.886746-04:00","level":"WARN","msg":"reverse publication failed, retrying","remote":"default","error":"list remotes from default: access denied","backoff":60000000000}
{"time":"2026-07-30T23:25:10.112067-04:00","level":"WARN","msg":"reverse publication failed, retrying","remote":"default","error":"list remotes from default: access denied","backoff":60000000000}
{"time":"2026-07-30T23:26:10.422847-04:00","level":"WARN","msg":"reverse publication failed, retrying","remote":"default","error":"list remotes from default: access denied","backoff":60000000000}
{"time":"2026-07-30T23:27:10.642237-04:00","level":"WARN","msg":"reverse publication failed, retrying","remote":"default","error":"list remotes from default: access denied","backoff":60000000000}
{"time":"2026-07-30T23:28:10.94986-04:00","level":"WARN","msg":"reverse publication failed, retrying","remote":"default","error":"list remotes from default: access denied","backoff":60000000000}
{"time":"2026-07-30T23:29:11.263807-04:00","level":"WARN","msg":"reverse publication failed, retrying","remote":"default","error":"list remotes from default: access denied","backoff":60000000000}
{"time":"2026-07-30T23:30:11.474599-04:00","level":"WARN","msg":"reverse publication failed, retrying","remote":"default","error":"list remotes from default: access denied","backoff":60000000000}
{"time":"2026-07-30T23:31:11.690905-04:00","level":"WARN","msg":"reverse publication failed, retrying","remote":"default","error":"list remotes from default: access denied","backoff":60000000000}
{"time":"2026-07-30T23:32:11.913866-04:00","level":"WARN","msg":"reverse publication failed, retrying","remote":"default","error":"list remotes from default: access denied","backoff":60000000000}
{"time":"2026-07-30T23:33:12.213666-04:00","level":"WARN","msg":"reverse publication failed, retrying","remote":"default","error":"list remotes from default: access denied","backoff":60000000000}
{"time":"2026-07-30T23:34:12.418581-04:00","level":"WARN","msg":"reverse publication failed, retrying","remote":"default","error":"list remotes from default: access denied","backoff":60000000000}
{"time":"2026-07-30T23:35:12.635778-04:00","level":"WARN","msg":"reverse publication failed, retrying","remote":"default","error":"list remotes from default: access denied","backoff":60000000000}
{"time":"2026-07-30T23:36:12.856874-04:00","level":"WARN","msg":"reverse publication failed, retrying","remote":"default","error":"list remotes from default: access denied","backoff":60000000000}
{"time":"2026-07-30T23:37:13.141702-04:00","level":"WARN","msg":"reverse publication failed, retrying","remote":"default","error":"list remotes from default: access denied","backoff":60000000000}
{"time":"2026-07-30T23:38:13.397849-04:00","level":"WARN","msg":"reverse publication failed, retrying","remote":"default","error":"list remotes from default: access denied","backoff":60000000000}
{"time":"2026-07-30T23:39:13.645885-04:00","level":"WARN","msg":"reverse publication failed, retrying","remote":"default","error":"list remotes from default: access denied","backoff":60000000000}
{"time":"2026-07-30T23:40:13.968784-04:00","level":"WARN","msg":"reverse publication failed, retrying","remote":"default","error":"list remotes from default: access denied","backoff":60000000000}
{"time":"2026-07-30T23:41:14.189958-04:00","level":"WARN","msg":"reverse publication failed, retrying","remote":"default","error":"list remotes from default: access denied","backoff":60000000000}
{"time":"2026-07-30T23:42:14.379468-04:00","level":"WARN","msg":"reverse publication failed, retrying","remote":"default","error":"list remotes from default: access denied","backoff":60000000000}
{"time":"2026-07-30T23:43:14.583011-04:00","level":"WARN","msg":"reverse publication failed, retrying","remote":"default","error":"list remotes from default: access denied","backoff":60000000000}
{"time":"2026-07-30T23:44:14.770433-04:00","level":"WARN","msg":"reverse publication failed, retrying","remote":"default","error":"list remotes from default: access denied","backoff":60000000000}
{"time":"2026-07-30T23:45:14.949553-04:00","level":"WARN","msg":"reverse publication failed, retrying","remote":"default","error":"list remotes from default: access denied","backoff":60000000000}
{"time":"2026-07-30T23:46:15.218422-04:00","level":"WARN","msg":"reverse publication failed, retrying","remote":"default","error":"list remotes from default: access denied","backoff":60000000000}
{"time":"2026-07-30T23:47:15.475744-04:00","level":"WARN","msg":"reverse publication failed, retrying","remote":"default","error":"list remotes from default: access denied","backoff":60000000000}
{"time":"2026-07-30T23:48:15.793255-04:00","level":"WARN","msg":"reverse publication failed, retrying","remote":"default","error":"list remotes from default: access denied","backoff":60000000000}
{"time":"2026-07-30T23:49:16.140122-04:00","level":"WARN","msg":"reverse publication failed, retrying","remote":"default","error":"list remotes from default: access denied","backoff":60000000000}
{"time":"2026-07-30T23:50:16.358068-04:00","level":"WARN","msg":"reverse publication failed, retrying","remote":"default","error":"list remotes from default: access denied","backoff":60000000000}
{"time":"2026-07-30T23:51:16.631432-04:00","level":"WARN","msg":"reverse publication failed, retrying","remote":"default","error":"list remotes from default: access denied","backoff":60000000000}
{"time":"2026-07-30T23:52:16.985721-04:00","level":"WARN","msg":"reverse publication failed, retrying","remote":"default","error":"list remotes from default: access denied","backoff":60000000000}
{"time":"2026-07-30T23:53:17.315801-04:00","level":"WARN","msg":"reverse publication failed, retrying","remote":"default","error":"list remotes from default: access denied","backoff":60000000000}
{"time":"2026-07-30T23:54:17.604012-04:00","level":"WARN","msg":"reverse publication failed, retrying","remote":"default","error":"list remotes from default: access denied","backoff":60000000000}
{"time":"2026-07-30T23:55:17.853946-04:00","level":"WARN","msg":"reverse publication failed, retrying","remote":"default","error":"list remotes from default: access denied","backoff":60000000000}
{"time":"2026-07-30T23:56:18.101916-04:00","level":"WARN","msg":"reverse publication failed, retrying","remote":"default","error":"list remotes from default: access denied","backoff":60000000000}
{"time":"2026-07-30T23:57:18.27326-04:00","level":"WARN","msg":"reverse publication failed, retrying","remote":"default","error":"list remotes from default: access denied","backoff":60000000000}
{"time":"2026-07-30T23:58:18.562416-04:00","level":"WARN","msg":"reverse publication failed, retrying","remote":"default","error":"list remotes from default: access denied","backoff":60000000000}
{"time":"2026-07-30T23:59:18.726964-04:00","level":"WARN","msg":"reverse publication failed, retrying","remote":"default","error":"list remotes from default: access denied","backoff":60000000000}
{"time":"2026-07-31T00:00:18.991576-04:00","level":"WARN","msg":"reverse publication failed, retrying","remote":"default","error":"list remotes from default: access denied","backoff":60000000000}
{"time":"2026-07-31T00:01:19.201774-04:00","level":"WARN","msg":"reverse publication failed, retrying","remote":"default","error":"list remotes from default: access denied","backoff":60000000000}
{"time":"2026-07-31T00:02:19.414134-04:00","level":"WARN","msg":"reverse publication failed, retrying","remote":"default","error":"list remotes from default: access denied","backoff":60000000000}
{"time":"2026-07-31T00:03:19.657417-04:00","level":"WARN","msg":"reverse publication failed, retrying","remote":"default","error":"list remotes from default: access denied","backoff":60000000000}
{"time":"2026-07-31T00:04:19.89625-04:00","level":"WARN","msg":"reverse publication failed, retrying","remote":"default","error":"list remotes from default: access denied","backoff":60000000000}
{"time":"2026-07-31T00:05:20.116055-04:00","level":"WARN","msg":"reverse publication failed, retrying","remote":"default","error":"list remotes from default: access denied","backoff":60000000000}
{"time":"2026-07-31T00:06:20.400048-04:00","level":"WARN","msg":"reverse publication failed, retrying","remote":"default","error":"list remotes from default: access denied","backoff":60000000000}
{"time":"2026-07-31T00:07:20.759919-04:00","level":"WARN","msg":"reverse publication failed, retrying","remote":"default","error":"list remotes from default: access denied","backoff":60000000000}
{"time":"2026-07-31T00:08:21.075033-04:00","level":"WARN","msg":"reverse publication failed, retrying","remote":"default","error":"list remotes from default: access denied","backoff":60000000000}
{"time":"2026-07-31T00:09:21.371521-04:00","level":"WARN","msg":"reverse publication failed, retrying","remote":"default","error":"list remotes from default: access denied","backoff":60000000000}
{"time":"2026-07-31T00:10:21.67896-04:00","level":"WARN","msg":"reverse publication failed, retrying","remote":"default","error":"list remotes from default: access denied","backoff":60000000000}
{"time":"2026-07-31T00:11:22.120958-04:00","level":"WARN","msg":"reverse publication failed, retrying","remote":"default","error":"list remotes from default: access denied","backoff":60000000000}
{"time":"2026-07-31T00:12:22.333559-04:00","level":"WARN","msg":"reverse publication failed, retrying","remote":"default","error":"list remotes from default: access denied","backoff":60000000000}
{"time":"2026-07-31T00:13:22.609242-04:00","level":"WARN","msg":"reverse publication failed, retrying","remote":"default","error":"list remotes from default: access denied","backoff":60000000000}
{"time":"2026-07-31T00:14:22.794058-04:00","level":"WARN","msg":"reverse publication failed, retrying","remote":"default","error":"list remotes from default: access denied","backoff":60000000000}
{"time":"2026-07-31T00:15:23.076077-04:00","level":"WARN","msg":"reverse publication failed, retrying","remote":"default","error":"list remotes from default: access denied","backoff":60000000000}
{"time":"2026-07-31T00:16:23.285112-04:00","level":"WARN","msg":"reverse publication failed, retrying","remote":"default","error":"list remotes from default: access denied","backoff":60000000000}
{"time":"2026-07-31T00:17:23.512738-04:00","level":"WARN","msg":"reverse publication failed, retrying","remote":"default","error":"list remotes from default: access denied","backoff":60000000000}
{"time":"2026-07-31T00:18:23.710039-04:00","level":"WARN","msg":"reverse publication failed, retrying","remote":"default","error":"list remotes from default: access denied","backoff":60000000000}
{"time":"2026-07-31T00:19:51.976498-04:00","level":"WARN","msg":"reverse publication failed, retrying","remote":"default","error":"list remotes from default: access denied","backoff":60000000000}
{"time":"2026-07-31T00:21:13.075358-04:00","level":"WARN","msg":"reverse publication failed, retrying","remote":"default","error":"list remotes from default: access denied","backoff":60000000000}
{"time":"2026-07-31T00:22:35.521726-04:00","level":"WARN","msg":"reverse publication failed, retrying","remote":"default","error":"list remotes from default: access denied","backoff":60000000000}
{"time":"2026-07-31T00:24:24.795433-04:00","level":"WARN","msg":"reverse publication failed, retrying","remote":"default","error":"list remotes from default: access denied","backoff":60000000000}
{"time":"2026-07-31T00:29:07.057003-04:00","level":"WARN","msg":"reverse publication failed, retrying","remote":"default","error":"list remotes from default: access denied","backoff":60000000000}
{"time":"2026-07-31T00:31:11.7133-04:00","level":"WARN","msg":"reverse publication failed, retrying","remote":"default","error":"list remotes from default: access denied","backoff":60000000000}
{"time":"2026-07-31T00:34:11.030225-04:00","level":"WARN","msg":"reverse publication failed, retrying","remote":"default","error":"list remotes from default: access denied","backoff":60000000000}
{"time":"2026-07-31T00:38:56.231256-04:00","level":"WARN","msg":"reverse publication failed, retrying","remote":"default","error":"list remotes from default: access denied","backoff":60000000000}
{"time":"2026-07-31T00:40:13.957471-04:00","level":"WARN","msg":"reverse publication failed, retrying","remote":"default","error":"list remotes from default: access denied","backoff":60000000000}
{"time":"2026-07-31T00:44:29.902764-04:00","level":"WARN","msg":"reverse publication failed, retrying","remote":"default","error":"list remotes from default: access denied","backoff":60000000000}
{"time":"2026-07-31T00:49:59.363648-04:00","level":"WARN","msg":"reverse publication failed, retrying","remote":"default","error":"list remotes from default: access denied","backoff":60000000000}
{"time":"2026-07-31T00:54:04.467387-04:00","level":"WARN","msg":"reverse publication failed, retrying","remote":"default","error":"list remotes from default: access denied","backoff":60000000000}
{"time":"2026-07-31T00:59:16.109172-04:00","level":"WARN","msg":"reverse publication failed, retrying","remote":"default","error":"list remotes from default: access denied","backoff":60000000000}
{"time":"2026-07-31T01:04:25.26437-04:00","level":"WARN","msg":"reverse publication failed, retrying","remote":"default","error":"list remotes from default: access denied","backoff":60000000000}
{"time":"2026-07-31T01:09:36.563368-04:00","level":"WARN","msg":"reverse publication failed, retrying","remote":"default","error":"list remotes from default: access denied","backoff":60000000000}
{"time":"2026-07-31T01:13:59.242332-04:00","level":"WARN","msg":"reverse publication failed, retrying","remote":"default","error":"list remotes from default: access denied","backoff":60000000000}
{"time":"2026-07-31T01:16:05.613332-04:00","level":"WARN","msg":"reverse publication failed, retrying","remote":"default","error":"list remotes from default: access denied","backoff":60000000000}
{"time":"2026-07-31T01:19:19.262425-04:00","level":"WARN","msg":"reverse publication failed, retrying","remote":"default","error":"list remotes from default: access denied","backoff":60000000000}
{"time":"2026-07-31T01:24:25.118125-04:00","level":"WARN","msg":"reverse publication failed, retrying","remote":"default","error":"list remotes from default: access denied","backoff":60000000000}
{"time":"2026-07-31T01:29:35.525021-04:00","level":"WARN","msg":"reverse publication failed, retrying","remote":"default","error":"list remotes from default: access denied","backoff":60000000000}
{"time":"2026-07-31T01:34:46.329732-04:00","level":"WARN","msg":"reverse publication failed, retrying","remote":"default","error":"list remotes from default: access denied","backoff":60000000000}
{"time":"2026-07-31T01:35:54.833299-04:00","level":"WARN","msg":"reverse publication failed, retrying","remote":"default","error":"list remotes from default: access denied","backoff":60000000000}
{"time":"2026-07-31T01:36:59.950149-04:00","level":"WARN","msg":"reverse publication failed, retrying","remote":"default","error":"list remotes from default: access denied","backoff":60000000000}
{"time":"2026-07-31T01:38:02.179724-04:00","level":"WARN","msg":"reverse publication failed, retrying","remote":"default","error":"list remotes from default: access denied","backoff":60000000000}
{"time":"2026-07-31T01:39:08.581843-04:00","level":"WARN","msg":"reverse publication failed, retrying","remote":"default","error":"list remotes from default: access denied","backoff":60000000000}
{"time":"2026-07-31T01:44:20.774311-04:00","level":"WARN","msg":"reverse publication failed, retrying","remote":"default","error":"list remotes from default: access denied","backoff":60000000000}
{"time":"2026-07-31T01:49:31.119333-04:00","level":"WARN","msg":"reverse publication failed, retrying","remote":"default","error":"list remotes from default: access denied","backoff":60000000000}
{"time":"2026-07-31T01:54:36.329424-04:00","level":"WARN","msg":"reverse publication failed, retrying","remote":"default","error":"list remotes from default: access denied","backoff":60000000000}
{"time":"2026-07-31T02:03:59.374391-04:00","level":"WARN","msg":"reverse publication failed, retrying","remote":"default","error":"list remotes from default: access denied","backoff":60000000000}
{"time":"2026-07-31T02:09:10.7807-04:00","level":"WARN","msg":"reverse publication failed, retrying","remote":"default","error":"list remotes from default: access denied","backoff":60000000000}
{"time":"2026-07-31T02:14:22.047723-04:00","level":"WARN","msg":"reverse publication failed, retrying","remote":"default","error":"list remotes from default: access denied","backoff":60000000000}
{"time":"2026-07-31T02:19:33.395949-04:00","level":"WARN","msg":"reverse publication failed, retrying","remote":"default","error":"list remotes from default: access denied","backoff":60000000000}
{"time":"2026-07-31T02:28:55.885493-04:00","level":"WARN","msg":"reverse publication failed, retrying","remote":"default","error":"list remotes from default: access denied","backoff":60000000000}
{"time":"2026-07-31T02:30:54.72524-04:00","level":"WARN","msg":"reverse publication failed, retrying","remote":"default","error":"list remotes from default: access denied","backoff":60000000000}
{"time":"2026-07-31T02:34:03.779824-04:00","level":"WARN","msg":"reverse publication failed, retrying","remote":"default","error":"list remotes from default: access denied","backoff":60000000000}
{"time":"2026-07-31T02:39:15.246194-04:00","level":"WARN","msg":"reverse publication failed, retrying","remote":"default","error":"list remotes from default: access denied","backoff":60000000000}
{"time":"2026-07-31T02:44:26.60512-04:00","level":"WARN","msg":"reverse publication failed, retrying","remote":"default","error":"list remotes from default: access denied","backoff":60000000000}
{"time":"2026-07-31T02:47:02.704293-04:00","level":"WARN","msg":"reverse publication failed, retrying","remote":"default","error":"list remotes from default: access denied","backoff":60000000000}
{"time":"2026-07-31T02:50:13.143296-04:00","level":"WARN","msg":"reverse publication failed, retrying","remote":"default","error":"list remotes from default: access denied","backoff":60000000000}
{"time":"2026-07-31T02:54:11.410006-04:00","level":"WARN","msg":"reverse publication failed, retrying","remote":"default","error":"list remotes from default: access denied","backoff":60000000000}
{"time":"2026-07-31T02:59:12.162793-04:00","level":"WARN","msg":"reverse publication failed, retrying","remote":"default","error":"list remotes from default: access denied","backoff":60000000000}
{"time":"2026-07-31T03:00:33.054587-04:00","level":"WARN","msg":"reverse publication failed, retrying","remote":"default","error":"list remotes from default: access denied","backoff":60000000000}
{"time":"2026-07-31T03:02:40.015458-04:00","level":"WARN","msg":"reverse publication failed, retrying","remote":"default","error":"list remotes from default: access denied","backoff":60000000000}
{"time":"2026-07-31T03:08:56.430336-04:00","level":"WARN","msg":"reverse publication failed, retrying","remote":"default","error":"list remotes from default: access denied","backoff":60000000000}
{"time":"2026-07-31T03:12:21.158468-04:00","level":"WARN","msg":"reverse publication failed, retrying","remote":"default","error":"list remotes from default: access denied","backoff":60000000000}
{"time":"2026-07-31T03:14:18.318411-04:00","level":"WARN","msg":"reverse publication failed, retrying","remote":"default","error":"list remotes from default: access denied","backoff":60000000000}
{"time":"2026-07-31T03:19:29.716983-04:00","level":"WARN","msg":"reverse publication failed, retrying","remote":"default","error":"list remotes from default: access denied","backoff":60000000000}
{"time":"2026-07-31T03:28:52.161419-04:00","level":"WARN","msg":"reverse publication failed, retrying","remote":"default","error":"list remotes from default: access denied","backoff":60000000000}
{"time":"2026-07-31T03:31:07.873347-04:00","level":"WARN","msg":"reverse publication failed, retrying","remote":"default","error":"list remotes from default: access denied","backoff":60000000000}
{"time":"2026-07-31T03:33:59.880952-04:00","level":"WARN","msg":"reverse publication failed, retrying","remote":"default","error":"list remotes from default: access denied","backoff":60000000000}
{"time":"2026-07-31T03:39:10.764697-04:00","level":"WARN","msg":"reverse publication failed, retrying","remote":"default","error":"list remotes from default: access denied","backoff":60000000000}
{"time":"2026-07-31T03:44:22.176793-04:00","level":"WARN","msg":"reverse publication failed, retrying","remote":"default","error":"list remotes from default: access denied","backoff":60000000000}
{"time":"2026-07-31T03:49:33.667137-04:00","level":"WARN","msg":"reverse publication failed, retrying","remote":"default","error":"list remotes from default: access denied","backoff":60000000000}
{"time":"2026-07-31T03:54:44.911112-04:00","level":"WARN","msg":"reverse publication failed, retrying","remote":"default","error":"list remotes from default: access denied","backoff":60000000000}
{"time":"2026-07-31T03:58:58.86362-04:00","level":"WARN","msg":"reverse publication failed, retrying","remote":"default","error":"list remotes from default: access denied","backoff":60000000000}
{"time":"2026-07-31T04:04:08.92379-04:00","level":"WARN","msg":"reverse publication failed, retrying","remote":"default","error":"list remotes from default: access denied","backoff":60000000000}
{"time":"2026-07-31T04:09:19.831001-04:00","level":"WARN","msg":"reverse publication failed, retrying","remote":"default","error":"list remotes from default: access denied","backoff":60000000000}
{"time":"2026-07-31T04:14:31.142431-04:00","level":"WARN","msg":"reverse publication failed, retrying","remote":"default","error":"list remotes from default: access denied","backoff":60000000000}
{"time":"2026-07-31T04:20:04.404603-04:00","level":"WARN","msg":"reverse publication failed, retrying","remote":"default","error":"list remotes from default: access denied","backoff":60000000000}
{"time":"2026-07-31T04:22:05.490455-04:00","level":"WARN","msg":"reverse publication failed, retrying","remote":"default","error":"list remotes from default: access denied","backoff":60000000000}
{"time":"2026-07-31T04:24:16.464201-04:00","level":"WARN","msg":"reverse publication failed, retrying","remote":"default","error":"list remotes from default: access denied","backoff":60000000000}
{"time":"2026-07-31T04:29:27.985796-04:00","level":"WARN","msg":"reverse publication failed, retrying","remote":"default","error":"list remotes from default: access denied","backoff":60000000000}
{"time":"2026-07-31T04:34:22.108091-04:00","level":"WARN","msg":"reverse publication failed, retrying","remote":"default","error":"list remotes from default: access denied","backoff":60000000000}
{"time":"2026-07-31T04:39:05.767154-04:00","level":"WARN","msg":"reverse publication failed, retrying","remote":"default","error":"list remotes from default: access denied","backoff":60000000000}
{"time":"2026-07-31T04:40:20.966745-04:00","level":"WARN","msg":"reverse publication failed, retrying","remote":"default","error":"list remotes from default: access denied","backoff":60000000000}
{"time":"2026-07-31T04:44:28.343636-04:00","level":"WARN","msg":"reverse publication failed, retrying","remote":"default","error":"list remotes from default: access denied","backoff":60000000000}
{"time":"2026-07-31T04:53:50.771281-04:00","level":"WARN","msg":"reverse publication failed, retrying","remote":"default","error":"list remotes from default: access denied","backoff":60000000000}
{"time":"2026-07-31T04:57:17.610623-04:00","level":"WARN","msg":"reverse publication failed, retrying","remote":"default","error":"list remotes from default: access denied","backoff":60000000000}
{"time":"2026-07-31T04:59:05.082951-04:00","level":"WARN","msg":"reverse publication failed, retrying","remote":"default","error":"list remotes from default: access denied","backoff":60000000000}
{"time":"2026-07-31T05:00:05.492362-04:00","level":"WARN","msg":"reverse publication failed, retrying","remote":"default","error":"list remotes from default: access denied","backoff":60000000000}
{"time":"2026-07-31T05:08:57.76532-04:00","level":"WARN","msg":"reverse publication failed, retrying","remote":"default","error":"list remotes from default: access denied","backoff":60000000000}
{"time":"2026-07-31T05:13:43.424383-04:00","level":"WARN","msg":"reverse publication failed, retrying","remote":"default","error":"list remotes from default: access denied","backoff":60000000000}
{"time":"2026-07-31T05:19:19.866847-04:00","level":"WARN","msg":"reverse publication failed, retrying","remote":"default","error":"list remotes from default: access denied","backoff":60000000000}
{"time":"2026-07-31T05:24:22.434068-04:00","level":"WARN","msg":"reverse publication failed, retrying","remote":"default","error":"list remotes from default: access denied","backoff":60000000000}
{"time":"2026-07-31T05:30:42.724691-04:00","level":"WARN","msg":"reverse publication failed, retrying","remote":"default","error":"list remotes from default: access denied","backoff":60000000000}
{"time":"2026-07-31T05:33:08.572581-04:00","level":"WARN","msg":"reverse publication failed, retrying","remote":"default","error":"list remotes from default: access denied","backoff":60000000000}
{"time":"2026-07-31T05:34:16.431026-04:00","level":"WARN","msg":"reverse publication failed, retrying","remote":"default","error":"list remotes from default: access denied","backoff":60000000000}
{"time":"2026-07-31T05:35:16.772293-04:00","level":"WARN","msg":"reverse publication failed, retrying","remote":"default","error":"list remotes from default: access denied","backoff":60000000000}
{"time":"2026-07-31T05:43:58.980994-04:00","level":"WARN","msg":"reverse publication failed, retrying","remote":"default","error":"list remotes from default: access denied","backoff":60000000000}
{"time":"2026-07-31T05:44:59.307429-04:00","level":"WARN","msg":"reverse publication failed, retrying","remote":"default","error":"list remotes from default: access denied","backoff":60000000000}
{"time":"2026-07-31T05:49:42.206007-04:00","level":"WARN","msg":"reverse publication failed, retrying","remote":"default","error":"list remotes from default: access denied","backoff":60000000000}
{"time":"2026-07-31T05:50:42.482337-04:00","level":"WARN","msg":"reverse publication failed, retrying","remote":"default","error":"list remotes from default: access denied","backoff":60000000000}
{"time":"2026-07-31T05:54:37.704098-04:00","level":"WARN","msg":"reverse publication failed, retrying","remote":"default","error":"list remotes from default: access denied","backoff":60000000000}
{"time":"2026-07-31T05:59:47.506733-04:00","level":"WARN","msg":"reverse publication failed, retrying","remote":"default","error":"list remotes from default: access denied","backoff":60000000000}
{"time":"2026-07-31T06:08:36.009594-04:00","level":"WARN","msg":"reverse publication failed, retrying","remote":"default","error":"list remotes from default: access denied","backoff":60000000000}
{"time":"2026-07-31T06:11:05.840371-04:00","level":"WARN","msg":"reverse publication failed, retrying","remote":"default","error":"list remotes from default: access denied","backoff":60000000000}
{"time":"2026-07-31T06:12:08.235263-04:00","level":"WARN","msg":"reverse publication failed, retrying","remote":"default","error":"list remotes from default: access denied","backoff":60000000000}
{"time":"2026-07-31T06:14:37.358385-04:00","level":"WARN","msg":"reverse publication failed, retrying","remote":"default","error":"list remotes from default: access denied","backoff":60000000000}
{"time":"2026-07-31T06:15:37.631455-04:00","level":"WARN","msg":"reverse publication failed, retrying","remote":"default","error":"list remotes from default: access denied","backoff":60000000000}
{"time":"2026-07-31T06:16:38.282622-04:00","level":"WARN","msg":"reverse publication failed, retrying","remote":"default","error":"list remotes from default: access denied","backoff":60000000000}
{"time":"2026-07-31T06:17:38.467601-04:00","level":"WARN","msg":"reverse publication failed, retrying","remote":"default","error":"list remotes from default: access denied","backoff":60000000000}
{"time":"2026-07-31T06:18:38.752037-04:00","level":"WARN","msg":"reverse publication failed, retrying","remote":"default","error":"list remotes from default: access denied","backoff":60000000000}
{"time":"2026-07-31T06:19:38.963821-04:00","level":"WARN","msg":"reverse publication failed, retrying","remote":"default","error":"list remotes from default: access denied","backoff":60000000000}
{"time":"2026-07-31T06:20:39.25166-04:00","level":"WARN","msg":"reverse publication failed, retrying","remote":"default","error":"list remotes from default: access denied","backoff":60000000000}
{"time":"2026-07-31T06:21:39.542935-04:00","level":"WARN","msg":"reverse publication failed, retrying","remote":"default","error":"list remotes from default: access denied","backoff":60000000000}
{"time":"2026-07-31T06:22:40.003369-04:00","level":"WARN","msg":"reverse publication failed, retrying","remote":"default","error":"list remotes from default: access denied","backoff":60000000000}
{"time":"2026-07-31T06:23:40.399858-04:00","level":"WARN","msg":"reverse publication failed, retrying","remote":"default","error":"list remotes from default: access denied","backoff":60000000000}
{"time":"2026-07-31T06:24:40.846614-04:00","level":"WARN","msg":"reverse publication failed, retrying","remote":"default","error":"list remotes from default: access denied","backoff":60000000000}
{"time":"2026-07-31T06:25:41.0725-04:00","level":"WARN","msg":"reverse publication failed, retrying","remote":"default","error":"list remotes from default: access denied","backoff":60000000000}
{"time":"2026-07-31T06:26:41.350092-04:00","level":"WARN","msg":"reverse publication failed, retrying","remote":"default","error":"list remotes from default: access denied","backoff":60000000000}
{"time":"2026-07-31T06:27:41.612234-04:00","level":"WARN","msg":"reverse publication failed, retrying","remote":"default","error":"list remotes from default: access denied","backoff":60000000000}
{"time":"2026-07-31T06:28:41.856187-04:00","level":"WARN","msg":"reverse publication failed, retrying","remote":"default","error":"list remotes from default: access denied","backoff":60000000000}
{"time":"2026-07-31T06:29:42.06496-04:00","level":"WARN","msg":"reverse publication failed, retrying","remote":"default","error":"list remotes from default: access denied","backoff":60000000000}
{"time":"2026-07-31T06:30:42.321237-04:00","level":"WARN","msg":"reverse publication failed, retrying","remote":"default","error":"list remotes from default: access denied","backoff":60000000000}
{"time":"2026-07-31T06:31:42.651883-04:00","level":"WARN","msg":"reverse publication failed, retrying","remote":"default","error":"list remotes from default: access denied","backoff":60000000000}
{"time":"2026-07-31T06:32:42.950355-04:00","level":"WARN","msg":"reverse publication failed, retrying","remote":"default","error":"list remotes from default: access denied","backoff":60000000000}
{"time":"2026-07-31T06:33:43.160556-04:00","level":"WARN","msg":"reverse publication failed, retrying","remote":"default","error":"list remotes from default: access denied","backoff":60000000000}
{"time":"2026-07-31T06:34:43.348931-04:00","level":"WARN","msg":"reverse publication failed, retrying","remote":"default","error":"list remotes from default: access denied","backoff":60000000000}
{"time":"2026-07-31T06:35:43.576601-04:00","level":"WARN","msg":"reverse publication failed, retrying","remote":"default","error":"list remotes from default: access denied","backoff":60000000000}
{"time":"2026-07-31T06:36:43.8769-04:00","level":"WARN","msg":"reverse publication failed, retrying","remote":"default","error":"list remotes from default: access denied","backoff":60000000000}
{"time":"2026-07-31T06:37:44.169414-04:00","level":"WARN","msg":"reverse publication failed, retrying","remote":"default","error":"list remotes from default: access denied","backoff":60000000000}
{"time":"2026-07-31T06:38:44.482374-04:00","level":"WARN","msg":"reverse publication failed, retrying","remote":"default","error":"list remotes from default: access denied","backoff":60000000000}
{"time":"2026-07-31T06:39:44.879829-04:00","level":"WARN","msg":"reverse publication failed, retrying","remote":"default","error":"list remotes from default: access denied","backoff":60000000000}
{"time":"2026-07-31T06:40:45.10729-04:00","level":"WARN","msg":"reverse publication failed, retrying","remote":"default","error":"list remotes from default: access denied","backoff":60000000000}
{"time":"2026-07-31T06:41:45.278629-04:00","level":"WARN","msg":"reverse publication failed, retrying","remote":"default","error":"list remotes from default: access denied","backoff":60000000000}
{"time":"2026-07-31T06:42:45.468469-04:00","level":"WARN","msg":"reverse publication failed, retrying","remote":"default","error":"list remotes from default: access denied","backoff":60000000000}
{"time":"2026-07-31T06:43:45.657344-04:00","level":"WARN","msg":"reverse publication failed, retrying","remote":"default","error":"list remotes from default: access denied","backoff":60000000000}
{"time":"2026-07-31T06:44:45.829774-04:00","level":"WARN","msg":"reverse publication failed, retrying","remote":"default","error":"list remotes from default: access denied","backoff":60000000000}
{"time":"2026-07-31T06:45:46.006871-04:00","level":"WARN","msg":"reverse publication failed, retrying","remote":"default","error":"list remotes from default: access denied","backoff":60000000000}
{"time":"2026-07-31T06:50:34.307415-04:00","level":"WARN","msg":"reverse publication failed, retrying","remote":"default","error":"list remotes from default: access denied","backoff":60000000000}
{"time":"2026-07-31T06:51:34.487417-04:00","level":"WARN","msg":"reverse publication failed, retrying","remote":"default","error":"list remotes from default: access denied","backoff":60000000000}
{"time":"2026-07-31T06:52:34.788855-04:00","level":"WARN","msg":"reverse publication failed, retrying","remote":"default","error":"list remotes from default: access denied","backoff":60000000000}
{"time":"2026-07-31T06:53:35.054126-04:00","level":"WARN","msg":"reverse publication failed, retrying","remote":"default","error":"list remotes from default: access denied","backoff":60000000000}
{"time":"2026-07-31T06:54:35.280129-04:00","level":"WARN","msg":"reverse publication failed, retrying","remote":"default","error":"list remotes from default: access denied","backoff":60000000000}
{"time":"2026-07-31T06:55:35.512737-04:00","level":"WARN","msg":"reverse publication failed, retrying","remote":"default","error":"list remotes from default: access denied","backoff":60000000000}
{"time":"2026-07-31T06:56:35.738946-04:00","level":"WARN","msg":"reverse publication failed, retrying","remote":"default","error":"list remotes from default: access denied","backoff":60000000000}
{"time":"2026-07-31T06:57:35.960888-04:00","level":"WARN","msg":"reverse publication failed, retrying","remote":"default","error":"list remotes from default: access denied","backoff":60000000000}
{"time":"2026-07-31T06:58:36.188125-04:00","level":"WARN","msg":"reverse publication failed, retrying","remote":"default","error":"list remotes from default: access denied","backoff":60000000000}
{"time":"2026-07-31T06:59:36.364996-04:00","level":"WARN","msg":"reverse publication failed, retrying","remote":"default","error":"list remotes from default: access denied","backoff":60000000000}
{"time":"2026-07-31T07:00:36.624843-04:00","level":"WARN","msg":"reverse publication failed, retrying","remote":"default","error":"list remotes from default: access denied","backoff":60000000000}
{"time":"2026-07-31T07:01:37.137395-04:00","level":"WARN","msg":"reverse publication failed, retrying","remote":"default","error":"list remotes from default: access denied","backoff":60000000000}
{"time":"2026-07-31T07:02:37.330011-04:00","level":"WARN","msg":"reverse publication failed, retrying","remote":"default","error":"list remotes from default: access denied","backoff":60000000000}
{"time":"2026-07-31T07:03:37.523843-04:00","level":"WARN","msg":"reverse publication failed, retrying","remote":"default","error":"list remotes from default: access denied","backoff":60000000000}
{"time":"2026-07-31T07:04:37.7193-04:00","level":"WARN","msg":"reverse publication failed, retrying","remote":"default","error":"list remotes from default: access denied","backoff":60000000000}
{"time":"2026-07-31T07:05:37.924522-04:00","level":"WARN","msg":"reverse publication failed, retrying","remote":"default","error":"list remotes from default: access denied","backoff":60000000000}
{"time":"2026-07-31T07:06:38.203118-04:00","level":"WARN","msg":"reverse publication failed, retrying","remote":"default","error":"list remotes from default: access denied","backoff":60000000000}
{"time":"2026-07-31T07:07:38.403433-04:00","level":"WARN","msg":"reverse publication failed, retrying","remote":"default","error":"list remotes from default: access denied","backoff":60000000000}
{"time":"2026-07-31T07:08:38.599562-04:00","level":"WARN","msg":"reverse publication failed, retrying","remote":"default","error":"list remotes from default: access denied","backoff":60000000000}
{"time":"2026-07-31T07:09:38.788607-04:00","level":"WARN","msg":"reverse publication failed, retrying","remote":"default","error":"list remotes from default: access denied","backoff":60000000000}
{"time":"2026-07-31T07:10:38.977081-04:00","level":"WARN","msg":"reverse publication failed, retrying","remote":"default","error":"list remotes from default: access denied","backoff":60000000000}
{"time":"2026-07-31T07:12:07.096733-04:00","level":"WARN","msg":"reverse publication failed, retrying","remote":"default","error":"list remotes from default: access denied","backoff":60000000000}
{"time":"2026-07-31T07:30:38.621796-04:00","level":"WARN","msg":"reverse publication failed, retrying","remote":"default","error":"list remotes from default: access denied","backoff":60000000000}
{"time":"2026-07-31T07:31:38.874664-04:00","level":"WARN","msg":"reverse publication failed, retrying","remote":"default","error":"list remotes from default: access denied","backoff":60000000000}
{"time":"2026-07-31T07:32:39.097634-04:00","level":"WARN","msg":"reverse publication failed, retrying","remote":"default","error":"list remotes from default: access denied","backoff":60000000000}
{"time":"2026-07-31T07:33:39.388545-04:00","level":"WARN","msg":"reverse publication failed, retrying","remote":"default","error":"list remotes from default: access denied","backoff":60000000000}
{"time":"2026-07-31T07:34:39.554167-04:00","level":"WARN","msg":"reverse publication failed, retrying","remote":"default","error":"list remotes from default: access denied","backoff":60000000000}
{"time":"2026-07-31T07:35:45.665837-04:00","level":"WARN","msg":"reverse publication failed, retrying","remote":"default","error":"list remotes from default: access denied","backoff":60000000000}
{"time":"2026-07-31T07:43:32.255153-04:00","level":"WARN","msg":"reverse publication failed, retrying","remote":"default","error":"list remotes from default: access denied","backoff":60000000000}
{"time":"2026-07-31T07:47:22.020142-04:00","level":"WARN","msg":"reverse publication failed, retrying","remote":"default","error":"list remotes from default: access denied","backoff":60000000000}
{"time":"2026-07-31T07:48:25.101375-04:00","level":"WARN","msg":"reverse publication failed, retrying","remote":"default","error":"list remotes from default: access denied","backoff":60000000000}
{"time":"2026-07-31T07:52:55.033095-04:00","level":"WARN","msg":"reverse publication failed, retrying","remote":"default","error":"list remotes from default: access denied","backoff":60000000000}
{"time":"2026-07-31T08:10:53.49769-04:00","level":"WARN","msg":"reverse publication failed, retrying","remote":"default","error":"list remotes from default: access denied","backoff":60000000000}
{"time":"2026-07-31T08:11:53.777339-04:00","level":"WARN","msg":"reverse publication failed, retrying","remote":"default","error":"list remotes from default: access denied","backoff":60000000000}
{"time":"2026-07-31T08:12:54.08039-04:00","level":"WARN","msg":"reverse publication failed, retrying","remote":"default","error":"list remotes from default: access denied","backoff":60000000000}
{"time":"2026-07-31T08:13:54.436699-04:00","level":"WARN","msg":"reverse publication failed, retrying","remote":"default","error":"list remotes from default: access denied","backoff":60000000000}
{"time":"2026-07-31T08:14:54.666561-04:00","level":"WARN","msg":"reverse publication failed, retrying","remote":"default","error":"list remotes from default: access denied","backoff":60000000000}
{"time":"2026-07-31T08:15:54.947432-04:00","level":"WARN","msg":"reverse publication failed, retrying","remote":"default","error":"list remotes from default: access denied","backoff":60000000000}
{"time":"2026-07-31T08:16:55.142298-04:00","level":"WARN","msg":"reverse publication failed, retrying","remote":"default","error":"list remotes from default: access denied","backoff":60000000000}
{"time":"2026-07-31T08:17:55.322858-04:00","level":"WARN","msg":"reverse publication failed, retrying","remote":"default","error":"list remotes from default: access denied","backoff":60000000000}
{"time":"2026-07-31T08:18:55.593988-04:00","level":"WARN","msg":"reverse publication failed, retrying","remote":"default","error":"list remotes from default: access denied","backoff":60000000000}
{"time":"2026-07-31T08:19:55.807628-04:00","level":"WARN","msg":"reverse publication failed, retrying","remote":"default","error":"list remotes from default: access denied","backoff":60000000000}
{"time":"2026-07-31T08:20:56.06396-04:00","level":"WARN","msg":"reverse publication failed, retrying","remote":"default","error":"list remotes from default: access denied","backoff":60000000000}
{"time":"2026-07-31T08:21:56.506268-04:00","level":"WARN","msg":"reverse publication failed, retrying","remote":"default","error":"list remotes from default: access denied","backoff":60000000000}
{"time":"2026-07-31T08:22:56.693987-04:00","level":"WARN","msg":"reverse publication failed, retrying","remote":"default","error":"list remotes from default: access denied","backoff":60000000000}
{"time":"2026-07-31T08:23:57.028122-04:00","level":"WARN","msg":"reverse publication failed, retrying","remote":"default","error":"list remotes from default: access denied","backoff":60000000000}
{"time":"2026-07-31T08:24:57.268616-04:00","level":"WARN","msg":"reverse publication failed, retrying","remote":"default","error":"list remotes from default: access denied","backoff":60000000000}
{"time":"2026-07-31T08:25:57.602582-04:00","level":"WARN","msg":"reverse publication failed, retrying","remote":"default","error":"list remotes from default: access denied","backoff":60000000000}
{"time":"2026-07-31T08:26:57.904609-04:00","level":"WARN","msg":"reverse publication failed, retrying","remote":"default","error":"list remotes from default: access denied","backoff":60000000000}
{"time":"2026-07-31T08:27:58.255375-04:00","level":"WARN","msg":"reverse publication failed, retrying","remote":"default","error":"list remotes from default: access denied","backoff":60000000000}
{"time":"2026-07-31T08:28:58.558147-04:00","level":"WARN","msg":"reverse publication failed, retrying","remote":"default","error":"list remotes from default: access denied","backoff":60000000000}
{"time":"2026-07-31T08:29:58.770911-04:00","level":"WARN","msg":"reverse publication failed, retrying","remote":"default","error":"list remotes from default: access denied","backoff":60000000000}
{"time":"2026-07-31T08:30:58.969266-04:00","level":"WARN","msg":"reverse publication failed, retrying","remote":"default","error":"list remotes from default: access denied","backoff":60000000000}
{"time":"2026-07-31T08:31:59.220146-04:00","level":"WARN","msg":"reverse publication failed, retrying","remote":"default","error":"list remotes from default: access denied","backoff":60000000000}
{"time":"2026-07-31T08:32:59.49472-04:00","level":"WARN","msg":"reverse publication failed, retrying","remote":"default","error":"list remotes from default: access denied","backoff":60000000000}
{"time":"2026-07-31T08:33:59.757978-04:00","level":"WARN","msg":"reverse publication failed, retrying","remote":"default","error":"list remotes from default: access denied","backoff":60000000000}
{"time":"2026-07-31T08:35:00.215225-04:00","level":"WARN","msg":"reverse publication failed, retrying","remote":"default","error":"list remotes from default: access denied","backoff":60000000000}
{"time":"2026-07-31T08:36:00.527225-04:00","level":"WARN","msg":"reverse publication failed, retrying","remote":"default","error":"list remotes from default: access denied","backoff":60000000000}
{"time":"2026-07-31T08:37:00.950524-04:00","level":"WARN","msg":"reverse publication failed, retrying","remote":"default","error":"list remotes from default: access denied","backoff":60000000000}
{"time":"2026-07-31T08:38:01.195955-04:00","level":"WARN","msg":"reverse publication failed, retrying","remote":"default","error":"list remotes from default: access denied","backoff":60000000000}
{"time":"2026-07-31T08:39:10.95652-04:00","level":"WARN","msg":"reverse publication failed, retrying","remote":"default","error":"list remotes from default: access denied","backoff":60000000000}
{"time":"2026-07-31T08:40:17.845368-04:00","level":"WARN","msg":"reverse publication failed, retrying","remote":"default","error":"list remotes from default: access denied","backoff":60000000000}
{"time":"2026-07-31T08:41:55.894544-04:00","level":"WARN","msg":"reverse publication failed, retrying","remote":"default","error":"list remotes from default: access denied","backoff":60000000000}
{"time":"2026-07-31T08:44:09.880299-04:00","level":"WARN","msg":"reverse publication failed, retrying","remote":"default","error":"list remotes from default: access denied","backoff":60000000000}
{"time":"2026-07-31T08:45:41.63581-04:00","level":"WARN","msg":"reverse publication failed, retrying","remote":"default","error":"list remotes from default: access denied","backoff":60000000000}
{"time":"2026-07-31T08:49:25.785161-04:00","level":"WARN","msg":"reverse publication failed, retrying","remote":"default","error":"list remotes from default: access denied","backoff":60000000000}
{"time":"2026-07-31T08:50:26.101446-04:00","level":"WARN","msg":"reverse publication failed, retrying","remote":"default","error":"list remotes from default: access denied","backoff":60000000000}
{"time":"2026-07-31T08:51:26.398994-04:00","level":"WARN","msg":"reverse publication failed, retrying","remote":"default","error":"list remotes from default: access denied","backoff":60000000000}
{"time":"2026-07-31T08:52:26.604919-04:00","level":"WARN","msg":"reverse publication failed, retrying","remote":"default","error":"list remotes from default: access denied","backoff":60000000000}
{"time":"2026-07-31T08:54:01.809926-04:00","level":"WARN","msg":"reverse publication failed, retrying","remote":"default","error":"list remotes from default: access denied","backoff":60000000000}
{"time":"2026-07-31T08:55:02.164168-04:00","level":"WARN","msg":"reverse publication failed, retrying","remote":"default","error":"list remotes from default: access denied","backoff":60000000000}
{"time":"2026-07-31T08:59:07.841091-04:00","level":"WARN","msg":"reverse publication failed, retrying","remote":"default","error":"list remotes from default: access denied","backoff":60000000000}
{"time":"2026-07-31T09:16:21.260527-04:00","level":"WARN","msg":"reverse publication failed, retrying","remote":"default","error":"list remotes from default: access denied","backoff":60000000000}
{"time":"2026-07-31T09:17:27.884442-04:00","level":"WARN","msg":"reverse publication failed, retrying","remote":"default","error":"list remotes from default: access denied","backoff":60000000000}
{"time":"2026-07-31T09:28:22.027738-04:00","level":"WARN","msg":"reverse publication failed, retrying","remote":"default","error":"list remotes from default: access denied","backoff":60000000000}
{"time":"2026-07-31T09:29:26.24181-04:00","level":"WARN","msg":"reverse publication failed, retrying","remote":"default","error":"list remotes from default: access denied","backoff":60000000000}
{"time":"2026-07-31T09:30:30.249878-04:00","level":"WARN","msg":"reverse publication failed, retrying","remote":"default","error":"list remotes from default: access denied","backoff":60000000000}
{"time":"2026-07-31T09:31:33.289704-04:00","level":"WARN","msg":"reverse publication failed, retrying","remote":"default","error":"list remotes from default: access denied","backoff":60000000000}
{"time":"2026-07-31T09:45:42.9446-04:00","level":"WARN","msg":"reverse publication failed, retrying","remote":"default","error":"list remotes from default: access denied","backoff":60000000000}
{"time":"2026-07-31T09:53:43.369238-04:00","level":"WARN","msg":"reverse publication failed, retrying","remote":"default","error":"list remotes from default: access denied","backoff":60000000000}
{"time":"2026-07-31T09:56:54.286257-04:00","level":"WARN","msg":"reverse publication failed, retrying","remote":"default","error":"list remotes from default: access denied","backoff":60000000000}
{"time":"2026-07-31T10:00:46.382344-04:00","level":"WARN","msg":"reverse publication failed, retrying","remote":"default","error":"list remotes from default: access denied","backoff":60000000000}
{"time":"2026-07-31T10:02:41.924673-04:00","level":"WARN","msg":"reverse publication failed, retrying","remote":"default","error":"list remotes from default: access denied","backoff":60000000000}
{"time":"2026-07-31T10:03:42.335269-04:00","level":"WARN","msg":"reverse publication failed, retrying","remote":"default","error":"list remotes from default: access denied","backoff":60000000000}
{"time":"2026-07-31T10:04:42.669603-04:00","level":"WARN","msg":"reverse publication failed, retrying","remote":"default","error":"list remotes from default: access denied","backoff":60000000000}
{"time":"2026-07-31T10:05:43.191486-04:00","level":"WARN","msg":"reverse publication failed, retrying","remote":"default","error":"list remotes from default: access denied","backoff":60000000000}
{"time":"2026-07-31T10:06:43.430835-04:00","level":"WARN","msg":"reverse publication failed, retrying","remote":"default","error":"list remotes from default: access denied","backoff":60000000000}
{"time":"2026-07-31T10:07:43.731285-04:00","level":"WARN","msg":"reverse publication failed, retrying","remote":"default","error":"list remotes from default: access denied","backoff":60000000000}
{"time":"2026-07-31T10:08:44.023316-04:00","level":"WARN","msg":"reverse publication failed, retrying","remote":"default","error":"list remotes from default: access denied","backoff":60000000000}
{"time":"2026-07-31T10:09:44.323667-04:00","level":"WARN","msg":"reverse publication failed, retrying","remote":"default","error":"list remotes from default: access denied","backoff":60000000000}
{"time":"2026-07-31T10:10:44.657417-04:00","level":"WARN","msg":"reverse publication failed, retrying","remote":"default","error":"list remotes from default: access denied","backoff":60000000000}
{"time":"2026-07-31T10:11:44.943724-04:00","level":"WARN","msg":"reverse publication failed, retrying","remote":"default","error":"list remotes from default: access denied","backoff":60000000000}
{"time":"2026-07-31T10:12:45.234965-04:00","level":"WARN","msg":"reverse publication failed, retrying","remote":"default","error":"list remotes from default: access denied","backoff":60000000000}
{"time":"2026-07-31T10:13:45.489657-04:00","level":"WARN","msg":"reverse publication failed, retrying","remote":"default","error":"list remotes from default: access denied","backoff":60000000000}
{"time":"2026-07-31T10:14:45.770935-04:00","level":"WARN","msg":"reverse publication failed, retrying","remote":"default","error":"list remotes from default: access denied","backoff":60000000000}
{"time":"2026-07-31T10:15:46.083065-04:00","level":"WARN","msg":"reverse publication failed, retrying","remote":"default","error":"list remotes from default: access denied","backoff":60000000000}
{"time":"2026-07-31T10:16:46.361043-04:00","level":"WARN","msg":"reverse publication failed, retrying","remote":"default","error":"list remotes from default: access denied","backoff":60000000000}
{"time":"2026-07-31T10:17:46.64773-04:00","level":"WARN","msg":"reverse publication failed, retrying","remote":"default","error":"list remotes from default: access denied","backoff":60000000000}
{"time":"2026-07-31T10:18:46.943855-04:00","level":"WARN","msg":"reverse publication failed, retrying","remote":"default","error":"list remotes from default: access denied","backoff":60000000000}
{"time":"2026-07-31T10:19:47.251472-04:00","level":"WARN","msg":"reverse publication failed, retrying","remote":"default","error":"list remotes from default: access denied","backoff":60000000000}
{"time":"2026-07-31T10:20:47.421652-04:00","level":"WARN","msg":"reverse publication failed, retrying","remote":"default","error":"list remotes from default: access denied","backoff":60000000000}
{"time":"2026-07-31T10:21:47.736091-04:00","level":"WARN","msg":"reverse publication failed, retrying","remote":"default","error":"list remotes from default: access denied","backoff":60000000000}
{"time":"2026-07-31T10:22:47.959397-04:00","level":"WARN","msg":"reverse publication failed, retrying","remote":"default","error":"list remotes from default: access denied","backoff":60000000000}
{"time":"2026-07-31T10:23:48.264756-04:00","level":"WARN","msg":"reverse publication failed, retrying","remote":"default","error":"list remotes from default: access denied","backoff":60000000000}
{"time":"2026-07-31T10:24:48.460842-04:00","level":"WARN","msg":"reverse publication failed, retrying","remote":"default","error":"list remotes from default: access denied","backoff":60000000000}
{"time":"2026-07-31T10:25:48.864073-04:00","level":"WARN","msg":"reverse publication failed, retrying","remote":"default","error":"list remotes from default: access denied","backoff":60000000000}
{"time":"2026-07-31T10:26:49.202133-04:00","level":"WARN","msg":"reverse publication failed, retrying","remote":"default","error":"list remotes from default: access denied","backoff":60000000000}
{"time":"2026-07-31T10:27:49.521542-04:00","level":"WARN","msg":"reverse publication failed, retrying","remote":"default","error":"list remotes from default: access denied","backoff":60000000000}
{"time":"2026-07-31T10:28:49.648067-04:00","level":"WARN","msg":"reverse publication failed, retrying","remote":"default","error":"list remotes from default: access denied","backoff":60000000000}
{"time":"2026-07-31T10:29:49.917909-04:00","level":"WARN","msg":"reverse publication failed, retrying","remote":"default","error":"list remotes from default: access denied","backoff":60000000000}
{"time":"2026-07-31T10:30:50.292354-04:00","level":"WARN","msg":"reverse publication failed, retrying","remote":"default","error":"list remotes from default: access denied","backoff":60000000000}
{"time":"2026-07-31T10:31:50.531708-04:00","level":"WARN","msg":"reverse publication failed, retrying","remote":"default","error":"list remotes from default: access denied","backoff":60000000000}
{"time":"2026-07-31T10:32:51.142606-04:00","level":"WARN","msg":"reverse publication failed, retrying","remote":"default","error":"list remotes from default: access denied","backoff":60000000000}
{"time":"2026-07-31T10:33:51.494194-04:00","level":"WARN","msg":"reverse publication failed, retrying","remote":"default","error":"list remotes from default: access denied","backoff":60000000000}
{"time":"2026-07-31T10:34:51.725911-04:00","level":"WARN","msg":"reverse publication failed, retrying","remote":"default","error":"list remotes from default: access denied","backoff":60000000000}
{"time":"2026-07-31T10:35:52.019894-04:00","level":"WARN","msg":"reverse publication failed, retrying","remote":"default","error":"list remotes from default: access denied","backoff":60000000000}
{"time":"2026-07-31T10:36:52.359917-04:00","level":"WARN","msg":"reverse publication failed, retrying","remote":"default","error":"list remotes from default: access denied","backoff":60000000000}
{"time":"2026-07-31T10:37:52.604227-04:00","level":"WARN","msg":"reverse publication failed, retrying","remote":"default","error":"list remotes from default: access denied","backoff":60000000000}
{"time":"2026-07-31T10:38:52.897065-04:00","level":"WARN","msg":"reverse publication failed, retrying","remote":"default","error":"list remotes from default: access denied","backoff":60000000000}
{"time":"2026-07-31T10:39:53.188629-04:00","level":"WARN","msg":"reverse publication failed, retrying","remote":"default","error":"list remotes from default: access denied","backoff":60000000000}
{"time":"2026-07-31T10:40:53.480799-04:00","level":"WARN","msg":"reverse publication failed, retrying","remote":"default","error":"list remotes from default: access denied","backoff":60000000000}
{"time":"2026-07-31T10:41:53.773854-04:00","level":"WARN","msg":"reverse publication failed, retrying","remote":"default","error":"list remotes from default: access denied","backoff":60000000000}
{"time":"2026-07-31T10:42:54.068244-04:00","level":"WARN","msg":"reverse publication failed, retrying","remote":"default","error":"list remotes from default: access denied","backoff":60000000000}
{"time":"2026-07-31T10:43:54.358729-04:00","level":"WARN","msg":"reverse publication failed, retrying","remote":"default","error":"list remotes from default: access denied","backoff":60000000000}
{"time":"2026-07-31T10:44:54.674137-04:00","level":"WARN","msg":"reverse publication failed, retrying","remote":"default","error":"list remotes from default: access denied","backoff":60000000000}
{"time":"2026-07-31T10:45:54.966363-04:00","level":"WARN","msg":"reverse publication failed, retrying","remote":"default","error":"list remotes from default: access denied","backoff":60000000000}
{"time":"2026-07-31T10:46:55.120366-04:00","level":"WARN","msg":"reverse publication failed, retrying","remote":"default","error":"list remotes from default: access denied","backoff":60000000000}
{"time":"2026-07-31T10:47:55.301591-04:00","level":"WARN","msg":"reverse publication failed, retrying","remote":"default","error":"list remotes from default: access denied","backoff":60000000000}
{"time":"2026-07-31T10:48:55.594605-04:00","level":"WARN","msg":"reverse publication failed, retrying","remote":"default","error":"list remotes from default: access denied","backoff":60000000000}
{"time":"2026-07-31T10:49:55.988661-04:00","level":"WARN","msg":"reverse publication failed, retrying","remote":"default","error":"list remotes from default: access denied","backoff":60000000000}
{"time":"2026-07-31T10:50:56.274505-04:00","level":"WARN","msg":"reverse publication failed, retrying","remote":"default","error":"list remotes from default: access denied","backoff":60000000000}
{"time":"2026-07-31T10:51:56.557541-04:00","level":"WARN","msg":"reverse publication failed, retrying","remote":"default","error":"list remotes from default: access denied","backoff":60000000000}
{"time":"2026-07-31T10:52:56.689728-04:00","level":"WARN","msg":"reverse publication failed, retrying","remote":"default","error":"list remotes from default: access denied","backoff":60000000000}
{"time":"2026-07-31T10:53:57.032784-04:00","level":"WARN","msg":"reverse publication failed, retrying","remote":"default","error":"list remotes from default: access denied","backoff":60000000000}
{"time":"2026-07-31T10:54:57.315553-04:00","level":"WARN","msg":"reverse publication failed, retrying","remote":"default","error":"list remotes from default: access denied","backoff":60000000000}
{"time":"2026-07-31T10:55:57.567382-04:00","level":"WARN","msg":"reverse publication failed, retrying","remote":"default","error":"list remotes from default: access denied","backoff":60000000000}
{"time":"2026-07-31T10:56:57.868937-04:00","level":"WARN","msg":"reverse publication failed, retrying","remote":"default","error":"list remotes from default: access denied","backoff":60000000000}
{"time":"2026-07-31T10:57:58.148042-04:00","level":"WARN","msg":"reverse publication failed, retrying","remote":"default","error":"list remotes from default: access denied","backoff":60000000000}
{"time":"2026-07-31T10:58:58.508161-04:00","level":"WARN","msg":"reverse publication failed, retrying","remote":"default","error":"list remotes from default: access denied","backoff":60000000000}
{"time":"2026-07-31T10:59:58.835101-04:00","level":"WARN","msg":"reverse publication failed, retrying","remote":"default","error":"list remotes from default: access denied","backoff":60000000000}
{"time":"2026-07-31T11:00:58.994189-04:00","level":"WARN","msg":"reverse publication failed, retrying","remote":"default","error":"list remotes from default: access denied","backoff":60000000000}
{"time":"2026-07-31T11:01:59.296578-04:00","level":"WARN","msg":"reverse publication failed, retrying","remote":"default","error":"list remotes from default: access denied","backoff":60000000000}
{"time":"2026-07-31T11:02:59.544669-04:00","level":"WARN","msg":"reverse publication failed, retrying","remote":"default","error":"list remotes from default: access denied","backoff":60000000000}
{"time":"2026-07-31T11:04:00.065428-04:00","level":"WARN","msg":"reverse publication failed, retrying","remote":"default","error":"list remotes from default: access denied","backoff":60000000000}
{"time":"2026-07-31T11:05:00.402101-04:00","level":"WARN","msg":"reverse publication failed, retrying","remote":"default","error":"list remotes from default: access denied","backoff":60000000000}
{"time":"2026-07-31T11:06:00.61711-04:00","level":"WARN","msg":"reverse publication failed, retrying","remote":"default","error":"list remotes from default: access denied","backoff":60000000000}
{"time":"2026-07-31T11:07:00.743268-04:00","level":"WARN","msg":"reverse publication failed, retrying","remote":"default","error":"list remotes from default: access denied","backoff":60000000000}
{"time":"2026-07-31T11:08:00.928953-04:00","level":"WARN","msg":"reverse publication failed, retrying","remote":"default","error":"list remotes from default: access denied","backoff":60000000000}
{"time":"2026-07-31T11:09:01.217116-04:00","level":"WARN","msg":"reverse publication failed, retrying","remote":"default","error":"list remotes from default: access denied","backoff":60000000000}
{"time":"2026-07-31T11:10:01.658973-04:00","level":"WARN","msg":"reverse publication failed, retrying","remote":"default","error":"list remotes from default: access denied","backoff":60000000000}
{"time":"2026-07-31T11:11:01.984849-04:00","level":"WARN","msg":"reverse publication failed, retrying","remote":"default","error":"list remotes from default: access denied","backoff":60000000000}
{"time":"2026-07-31T11:12:02.374885-04:00","level":"WARN","msg":"reverse publication failed, retrying","remote":"default","error":"list remotes from default: access denied","backoff":60000000000}
{"time":"2026-07-31T11:13:02.56163-04:00","level":"WARN","msg":"reverse publication failed, retrying","remote":"default","error":"list remotes from default: access denied","backoff":60000000000}
{"time":"2026-07-31T11:14:02.870347-04:00","level":"WARN","msg":"reverse publication failed, retrying","remote":"default","error":"list remotes from default: access denied","backoff":60000000000}
{"time":"2026-07-31T11:15:03.24481-04:00","level":"WARN","msg":"reverse publication failed, retrying","remote":"default","error":"list remotes from default: access denied","backoff":60000000000}
{"time":"2026-07-31T11:16:03.558006-04:00","level":"WARN","msg":"reverse publication failed, retrying","remote":"default","error":"list remotes from default: access denied","backoff":60000000000}
{"time":"2026-07-31T11:17:03.920993-04:00","level":"WARN","msg":"reverse publication failed, retrying","remote":"default","error":"list remotes from default: access denied","backoff":60000000000}
{"time":"2026-07-31T11:18:04.10518-04:00","level":"WARN","msg":"reverse publication failed, retrying","remote":"default","error":"list remotes from default: access denied","backoff":60000000000}
{"time":"2026-07-31T11:19:04.374281-04:00","level":"WARN","msg":"reverse publication failed, retrying","remote":"default","error":"list remotes from default: access denied","backoff":60000000000}
{"time":"2026-07-31T11:20:04.685141-04:00","level":"WARN","msg":"reverse publication failed, retrying","remote":"default","error":"list remotes from default: access denied","backoff":60000000000}
{"time":"2026-07-31T11:21:05.078783-04:00","level":"WARN","msg":"reverse publication failed, retrying","remote":"default","error":"list remotes from default: access denied","backoff":60000000000}
{"time":"2026-07-31T11:22:05.377341-04:00","level":"WARN","msg":"reverse publication failed, retrying","remote":"default","error":"list remotes from default: access denied","backoff":60000000000}
{"time":"2026-07-31T11:23:05.63646-04:00","level":"WARN","msg":"reverse publication failed, retrying","remote":"default","error":"list remotes from default: access denied","backoff":60000000000}
{"time":"2026-07-31T11:24:05.976269-04:00","level":"WARN","msg":"reverse publication failed, retrying","remote":"default","error":"list remotes from default: access denied","backoff":60000000000}
{"time":"2026-07-31T11:25:06.178316-04:00","level":"WARN","msg":"reverse publication failed, retrying","remote":"default","error":"list remotes from default: access denied","backoff":60000000000}
2026-07-31 11:25:59.512 [W] [server/service.go:680] listener for incoming connections from client closed
2026-07-31 11:25:59.512 [W] [server/service.go:680] listener for incoming connections from client closed
2026-07-31 11:25:59.512 [W] [server/service.go:680] listener for incoming connections from client closed
Loading configuration
Configuration loaded
Preparing artifacts for serve
Artifacts prepared
Artifacts ready for serve
2026/07/31 11:26:08 WARN skipping deferred app workflow declaration reconcile: no default workflow provider configured
2026-07-31 11:26:08.294 [I] [server/service.go:202] tcpmux httpconnect multiplexer listen on 127.0.0.1:49190, passthrough: false
2026-07-31 11:26:08.294 [I] [server/service.go:252] frps tcp listen on 127.0.0.1:49189
local provider ready: http://localhost:8401
{"time":"2026-07-31T11:27:38.440009-04:00","level":"INFO","msg":"WARN dev app frontend readiness timeout; continuing probe app=home command_1_output_tail=\"\\nstdout:\\nVITE v6.4.3  ready in 337 ms\\n\\n  ➜  Local:   http://127.0.0.1:49193/\""}
